{
  "name": "compactmachines3:brownmushroom",

  "target-item": "minecraft:brown_mushroom",
  "target-count": 1,

  "duration": 200,
  "symmetrical": true,

  "catalyst": "minecraft:wheat_seeds",

  
  
  "input-types": {
    "a": {
      "id": "minecraft:wool",
      "meta": 12
    },
    "b": {
      "id": "minecraft:log",
      "meta": 0
    }
  },
  "shape": [
    [
      [
        "_",
        "a",
        "_"
      ],
      [
        "a",
        "a",
        "a"
      ],
      [
        "_",
        "a",
        "_"
      ]
    ],
    [
      [
        "_",
        "_",
        "_"
      ],
      [
        "_",
        "b",
        "_"
      ],
      [
        "_",
        "_",
        "_"
      ]
    ],
    [
      [
        "_",
        "_",
        "_"
      ],
      [
        "_",
        "b",
        "_"
      ],
      [
        "_",
        "_",
        "_"
      ]
    ]
  ]
}