{
  "name": "compactmachines3:emerald",

  "disabled": false,

  "target-item": "minecraft:emerald_block",
  "target-count": 1,

  "duration": 200,
  "symmetrical": false,

  "catalyst": "thermalfoundation:material",
  "catalyst-meta": "16",

 
  "input-types": {
    "a": {
      "id": "minecraft:slime",
      "meta": 0
    },
    "b": {
      "id": "nuclearcraft:ingot_block",
      "meta": 8
    }
  },
  "shape": [
    [
      [
        "a",
        "a",
        "a"
      ],
      [
        "a",
        "a",
        "a"
      ],
      [
        "a",
        "a",
        "a"
      ]
    ],
    [
      [
        "a",
        "a",
        "a"
      ],
      [
        "a",
        "b",
        "a"
      ],
      [
        "a",
        "a",
        "a"
      ]
    ],
    [
      [
        "a",
        "a",
        "a"
      ],
      [
        "a",
        "a",
        "a"
      ],
      [
        "a",
        "a",
        "a"
      ]
    ]
  ]




}