{
  "name": "compactmachines3:enderpearl",

  "target-item": "minecraft:ender_pearl",
  "target-count": 1,

  "duration": 200,
  "symmetrical": true,

  "catalyst": "minecraft:redstone",

  
  "input-types": {
    "a": {
      "id": "minecraft:obsidian",
      "meta": 0
    },
    "b": {
      "id": "minecraft:redstone_block",
      "meta": 0
    }
  },
  "shape": [
    [
      [
        "a",
        "a",
        "a"
      ],
      [
        "a",
        "a",
        "a"
      ],
      [
        "a",
        "a",
        "a"
      ]
    ],
    [
      [
        "a",
        "a",
        "a"
      ],
      [
        "a",
        "b",
        "a"
      ],
      [
        "a",
        "a",
        "a"
      ]
    ],
    [
      [
        "a",
        "a",
        "a"
      ],
      [
        "a",
        "a",
        "a"
      ],
      [
        "a",
        "a",
        "a"
      ]
    ]
  ]
}