{
  "name": "compactmachines3:machine-small",
  "target-item": "compactmachines3:machine",
  "target-meta": 1,
  "target-count": 1,

  "duration": 440,

  "catalyst": "minecraft:ender_pearl",

  "input-types": {
    "w": { "id": "compactmachines3:wallbreakable" },
    "i": { "id": "minecraft:iron_block"}
  },

  "symmetrical": true,
  "shape": [
    [
      ["w","w","w"],
      ["w","w","w"],
      ["w","w","w"]
    ],
    [
      ["w","w","w"],
      ["w","i","w"],
      ["w","w","w"]
    ],
    [
      ["w","w","w"],
      ["w","w","w"],
      ["w","w","w"]
    ]
  ]
}