<galaxy>
    <star name="Sol" temp="100" x="0" y="0" numPlanets="0" numGasGiants="0">
		<planet name="Earth" DIMID="0" dimMapping="">
			<isKnown>true</isKnown>
			<isNativeDimension>false</isNativeDimension>
			<orbitalDistance>100</orbitalDistance>
			<planet name="Luna" DIMID="100">
				<gravitationalMultiplier>16</gravitationalMultiplier>
				<orbitalDistance>50</orbitalDistance>
				<orbitalPhi>0</orbitalPhi>
				<rotationalPeriod>128000</rotationalPeriod>
				<atmosphereDensity>0</atmosphereDensity>
			</planet>
			<planet name="Void" DIMID="119" dimMapping="" customIcon="CarbonWorld">
				<isNativeDimension>false</isNativeDimension>
				<orbitalDistance>150</orbitalDistance>
			</planet>
			<planet name="Lost Cities" DIMID="111" dimMapping="" customIcon="EarthLike">
				<isNativeDimension>false</isNativeDimension>
				<orbitalDistance>330</orbitalDistance>
				<hasRings>true</hasRings>
			</planet>
		</planet>
		<planet name="Mercury" DIMID="101" customIcon="lava">
			<isKnown>true</isKnown>
			<biomeIds>biomesoplenty:volcanic_island</biomeIds>
			<skyColor>0,0,0</skyColor>
			<oceanBlock>minecraft:fluid.lava</oceanBlock>
			<atmosphereDensity>120</atmosphereDensity>
			<gravitationalMultiplier>38</gravitationalMultiplier>
			<orbitalDistance>40</orbitalDistance>
			<rotationalPeriod>1400000</rotationalPeriod>
		</planet>
		<planet name="Venus" DIMID="102" customIcon="lava">
			<isKnown>true</isKnown>
			<biomeIds>biomesoplenty:volcanic_island</biomeIds>
			<skyColor>0,0,0</skyColor>
			<fogColor>0.9,0.9,0.9</fogColor>
			<oceanBlock>nuclearcraft:fluid.sulfuric_acid</oceanBlock>
			<atmosphereDensity>120</atmosphereDensity>
			<gravitationalMultiplier>90</gravitationalMultiplier>
			<orbitalDistance>72</orbitalDistance>
			<rotationalPeriod>2784000</rotationalPeriod>
		</planet>
		<planet name="Mars" DIMID="103" customIcon="marslike">
			<isKnown>true</isKnown>
			<biomeIds>advancedrocketry:hotdryrock</biomeIds>
            <skyColor>1,0.2,0</skyColor>
			<fogColor>0.9,0.6,0.1</fogColor>
			<atmosphereDensity>0</atmosphereDensity>
			<orbitalDistance>150</orbitalDistance>
			<gravitationalMultiplier>70</gravitationalMultiplier>
			<rotationalPeriod>20000</rotationalPeriod>
		</planet>
		<planet name="Jupiter" DIMID="104" customIcon="gasgiantred">
			<isKnown>true</isKnown>
			<GasGiant>true</GasGiant>
			<gas>hydrogen</gas>
			<gas>helium</gas>
			<orbitalDistance>180</orbitalDistance>
			<rotationalPeriod>9900</rotationalPeriod>
			<planet name="Io" DIMID="105" customIcon="moon">
				<atmosphereDensity>0</atmosphereDensity>
				<gravitationalMultiplier>300</gravitationalMultiplier>
				<orbitalDistance>180</orbitalDistance>
				<rotationalPeriod>10000</rotationalPeriod>
            </planet>
			<planet name="Europa" DIMID="106" customIcon="waterworld">
				<biomeIds>minecraft:frozen_ocean</biomeIds>
				<atmosphereDensity>0</atmosphereDensity>
				<gravitationalMultiplier>30</gravitationalMultiplier>
				<orbitalDistance>90</orbitalDistance>
				<orbitalPhi>90</orbitalPhi>
				<rotationalPeriod>10000</rotationalPeriod>
            </planet>
        </planet>
		<planet name="Saturn" DIMID="107" customIcon="gasgiantblue">
			<isKnown>true</isKnown>
			<GasGiant>true</GasGiant>
			<gas>hydrogen</gas>
			<gas>helium</gas>
			<hasRings>true</hasRings>
			<orbitalDistance>230</orbitalDistance>
			<rotationalPeriod>10600</rotationalPeriod>
			<planet name="Titan" DIMID="108" customIcon="moon">
				<atmosphereDensity>0</atmosphereDensity>
				<gravitationalMultiplier>250</gravitationalMultiplier>
				<orbitalDistance>250</orbitalDistance>
				<orbitalPhi>120</orbitalPhi>
				<rotationalPeriod>12000</rotationalPeriod>
			</planet>
        </planet>
		<planet name="Uranus" DIMID="109" customIcon="iceworld">
			<isKnown>true</isKnown>
			<GasGiant>true</GasGiant>
			<gas>hydrogen</gas>
			<gas>helium</gas>
			<hasRings>true</hasRings>
			<atmosphereDensity>0</atmosphereDensity>
			<orbitalDistance>290</orbitalDistance>
			<gravitationalMultiplier>200</gravitationalMultiplier>
			<rotationalPeriod>17250</rotationalPeriod>
        </planet>
		<planet name="Neptune" DIMID="110" customIcon="iceworld">
			<isKnown>true</isKnown>
			<GasGiant>true</GasGiant>
			<gas>hydrogen</gas>
			<gas>helium</gas>
			<orbitalDistance>400</orbitalDistance>
			<gravitationalMultiplier>200</gravitationalMultiplier>
			<rotationalPeriod>21100</rotationalPeriod>
        </planet>
	</star>
</galaxy>
