{
	"block_pools" :
	[
		{
			"name": "TpSpawn",
			"disableJEI": "true",
			"type": {
				"type": "block",
				"name": "contenttweaker:homeportal"
			},
			"clicktype": "right",
			"properties": [
				{
					"type": "use_command",
					"name": "tpj",
					"arguments": "0"
				},
				{
					"type": "play_sound",
					"name": "item.bottle.fill_dragonbreath"
				},
				{
					"type": "swing_hand"
				}
			]
        },
        {
			"name": "Glitch0",
			"disableJEI": "true",
			"type": {
				"type": "block",
				"name": "contenttweaker:glitched0"
			},
			"clicktype": "right",
			"properties": [
				{
					"type": "use_command",
					"name": "effect",
					"arguments": "@p minecraft:nausea 5"
				},
				{
					"type": "use_command",
					"name": "tpj",
					"arguments": "10 324 148 410"
				},
				{
					"type": "play_sound",
					"name": "item.bottle.fill_dragonbreath"
				},
				{
					"type": "require_item",
					"name": "contenttweaker:corruptpsd"
				},
				{
					"type": "swing_hand"
				}
			]
		},
        {
			"name": "Glitch1",
			"disableJEI": "true",
			"type": {
				"type": "block",
				"name": "contenttweaker:glitched1"
			},
			"clicktype": "right",
			"properties": [
				{
					"type": "use_command",
					"name": "effect",
					"arguments": "@p minecraft:nausea 5"
				},
				{
					"type": "use_command",
					"name": "tpj",
					"arguments": "11"
				},
				{
					"type": "play_sound",
					"name": "item.bottle.fill_dragonbreath"
				},
				{
					"type": "require_item",
					"name": "contenttweaker:corruptpsd"
				},
				{
					"type": "swing_hand"
				}
			]
		},
        {
			"name": "Glitch2",
			"disableJEI": "true",
			"type": {
				"type": "block",
				"name": "contenttweaker:glitched2"
			},
			"clicktype": "right",
			"properties": [
				{
					"type": "use_command",
					"name": "effect",
					"arguments": "@p minecraft:nausea 5"
				},
				{
					"type": "use_command",
					"name": "tpj",
					"arguments": "12 301 160 374"
				},
				{
					"type": "play_sound",
					"name": "item.bottle.fill_dragonbreath"
				},
				{
					"type": "require_item",
					"name": "galacticraftcore:dungeonfinder"
				},
				{
					"type": "swing_hand"
				}
			]
		}
	]
}