{
  "weight": 80,
  "density": 0.6,
  "max_height": 40,
  "min_height": 5,
  "dimension_filter": [
    "dimension_id:100"
  ],
  "generator": {
    "type": "ellipsoid",
    "radius": [16, 13]
  },
  "filler": {
    "type": "simple",
    "value": {
      "type": "weight_random",
      "values": [
        {
          "weight": 50,
          "value": "ore:nomilabs:fluorite"
        },
		{
          "weight": 30,
          "value": "ore:sphalerite"
        },
        {
          "weight": 20,
          "value": "ore:bastnasite"
        }
      ]
    }
  }
}