{
  "commands": {
    "/pd": "/p disband",
    "/s": "/skyblock",
    "/vp": "/visit portalhub",
    "/ca": "/chat all",
    "/rp": "/reparty",
    "/cc": "/chat coop",
    "/cg": "/chat guild",
    "/d": "/warp dungeon_hub",
    "/pv": "/p leave",
    "/h": "/hub",
    "/i": "/is",
    "/co": "/chat officer",
    "/cp": "/chat party"
  },
  "commandArgs": {
    "/pa": "/p accept",
    "/pr": "/visit prtl",
    "/prtl": "/visit prtl",
    "/config": "/skyblocker config",
    "/pr2": "/visit visit2",
    "/v": "/visit",
    "/wp": "/skyblocker waypoints ordered",
    "/prtl2": "/visit visit2",
    "/dp": "/party dubstepv1",
    "/m": "/msg",
    "/shortcuts": "/skyblocker shortcuts"
  }
}