{
  "defense": {
    "colors": [
      "ffffff"
    ],
    "text_color": "b9b9b9",
    "size": 3,
    "anchor": "HOTBAR_TOP",
    "x": 2,
    "y": 0,
    "icon_position": "LEFT",
    "show_text": true
  },
  "health": {
    "colors": [
      "ff0000",
      "ffdc00"
    ],
    "text_color": "ff5555",
    "size": 3,
    "anchor": "HOTBAR_TOP",
    "x": 0,
    "y": 0,
    "icon_position": "LEFT",
    "show_text": true
  },
  "experience": {
    "colors": [
      "64e646"
    ],
    "text_color": "80ff20",
    "size": 3,
    "anchor": "HOTBAR_TOP",
    "x": 3,
    "y": 0,
    "icon_position": "LEFT",
    "show_text": true
  },
  "intelligence": {
    "colors": [
      "00ffff",
      "b400ff"
    ],
    "text_color": "55ffff",
    "size": 3,
    "anchor": "HOTBAR_TOP",
    "x": 1,
    "y": 0,
    "icon_position": "LEFT",
    "show_text": true
  }
}