{
  "version": "2.3.0",
  "version_id": 20300,
  "update_msg": "§7§m§l--------------------§6§l[§c§lNEU§6§l]§7§m§l-------------------\n\n§7A new version, v§62.3.0§7, is now available!\n ",
  "pre_version": "2.3.0",
  "pre_version_id": 0,
  "pre_update_msg": "§7§m§l--------------------§5§l[§c§lNEU§5§l]§7§m§l-------------------\n\n§7A new pre-release, v§5{pre_version}§7, is now available!\n ",
  "discord_link": "https://discord.gg/moulberry",
  "youtube_link": "https://www.youtube.com/channel/UCPh-OKmRSS3IQi9p6YppLcw",
  "twitch_link": "https://www.twitch.tv/moulberry2",
  "update_link": "https://github.com/NotEnoughUpdates/NotEnoughUpdates/releases/latest",
  "update_direct": "null",
  "pre_update_link:": "https://github.com/NotEnoughUpdates/NotEnoughUpdates/releases/latest",
  "github_link": "https://github.com/NotEnoughUpdates/NotEnoughUpdates/",
  "other_text": "Patreon",
  "other_link": "https://www.patreon.com/moulberry"
}
