{
  "weight": 40,
  "density": 0.01,
  "min_height": 10,
  "max_height": 80,
    "dimension_filter": [
    "name:the_end"
  ],
  "generator": {
    "type": "layered",
    "radius": [
      20,
      24
    ]
  },
  "filler": {
    "type": "layered",
    "values": [
      {
        "primary": "ore:nomilabs:draconium"
      },
      {
        "secondary": "ore:nomilabs:draconium"
      },
      {
        "between": "ore:nomilabs:draconium"
      },
      {
        "sporadic": "ore:nomilabs:draconium"
      }
    ]
  }
}
