{"name":"Infinite tiny space","quests":[{"uuid":"621dd907-3f25-40c4-8cf4-9e0b25863003","name":"Steel Pick","description":"This hits harder than even iron!","x":191,"y":114,"icon":{"id":"thermalfoundation:tool.pickaxe_steel"},"prerequisites":["cf01c803-020f-42de-9471-5693e0497494"],"tasks":[{"type":"DETECT","items":[{"item":{"id":"thermalfoundation:tool.pickaxe_steel"}}]}],"commandrewards":[]},{"uuid":"bc669f80-f863-47ce-b806-3c8c9ce8746d","name":"Refined nuclear fuel","description":"There\u0027s a lot of fuels, but this one is easy to make and control","x":303,"y":62,"icon":{"id":"nuclearcraft:fuel_uranium","damage":4},"prerequisites":["18e9257e-ceea-448c-89f3-0a0413f814e1"],"tasks":[{"type":"DETECT","items":[{"item":{"id":"nuclearcraft:fuel_uranium","damage":4}}]}],"commandrewards":[]},{"uuid":"5ea69e53-e816-4862-ba9c-9e4865165c86","name":"Mesh mash","x":76,"y":144,"icon":{"id":"exnihilocreatio:item_mesh","damage":1},"prerequisites":["3e65cc3a-e1f5-490f-bdda-674a373422d1","35ac769f-b868-4d5e-8d8f-be776d50d6e1"],"tasks":[{"type":"DETECT","items":[{"item":{"id":"exnihilocreatio:item_mesh","damage":1}}]}],"commandrewards":[]},{"uuid":"99719e3a-b444-4651-b843-f2cbf3a2d0b1","name":"Block of the machine","x":86,"y":52,"icon":{"id":"refinedstorage:machine_casing"},"prerequisites":["a54098ba-5153-4a6d-857e-fc4e53ef0e97"],"tasks":[{"type":"DETECT","items":[{"item":{"id":"refinedstorage:machine_casing"}}]}],"commandrewards":[]},{"uuid":"51c18a0f-56b6-4abf-a0b2-be63d289f819","name":"Quartz","x":130,"y":80,"icon":{"id":"minecraft:quartz"},"prerequisites":["621dd907-3f25-40c4-8cf4-9e0b25863003"],"tasks":[{"type":"DETECT","items":[{"item":{"id":"minecraft:quartz"}}]}],"commandrewards":[]},{"uuid":"a54098ba-5153-4a6d-857e-fc4e53ef0e97","name":"Rich iron","x":123,"y":52,"icon":{"id":"refinedstorage:quartz_enriched_iron"},"prerequisites":["51c18a0f-56b6-4abf-a0b2-be63d289f819"],"tasks":[{"type":"DETECT","items":[{"item":{"id":"refinedstorage:quartz_enriched_iron"}}]}],"commandrewards":[]},{"uuid":"35ac769f-b868-4d5e-8d8f-be776d50d6e1","name":"String theory","x":62,"y":116,"icon":{"id":"minecraft:string"},"prerequisites":["0f8eaba4-579b-4ea5-ba11-c407f34fd6f5"],"tasks":[{"type":"DETECT","items":[{"item":{"id":"minecraft:string"}}]}],"commandrewards":[]},{"uuid":"4e5fdbd1-2377-4c14-8327-ed00fc913c15","name":"Legal in some states","x":19,"y":89,"icon":{"id":"betterwithmods:hemp"},"prerequisites":["6012eb0f-d377-41f7-bb9e-46669c9b62c0"],"tasks":[{"type":"DETECT","items":[{"item":{"id":"betterwithmods:hemp"}}]}],"commandrewards":[]},{"uuid":"721b67bc-9f37-4b5f-9722-0ffe9aa2b23e","name":"Shulkin\u0027","description":"Shulker shells might be difficult to obtain via traditional fashion. However some blaze powder might motivate a chest to go on and about.\n\nP.S. Shulker boxes can be opened while holding","x":33,"y":57,"icon":{"id":"minecraft:shulker_shell"},"tasks":[{"type":"DETECT","items":[{"item":{"id":"minecraft:shulker_shell"}}]}],"commandrewards":[]},{"uuid":"3e65cc3a-e1f5-490f-bdda-674a373422d1","name":"What did you sieve kid?","x":47,"y":144,"icon":{"id":"exnihilocreatio:block_sieve"},"prerequisites":["cfe6d09a-5557-447e-93e6-be019a2220f2"],"tasks":[{"type":"DETECT","items":[{"item":{"id":"exnihilocreatio:block_sieve"}}]}],"commandrewards":[]},{"uuid":"581159a1-19df-43d8-8904-7760cbfe00fd","name":"Hopping about","x":142,"y":20,"icon":{"id":"immersiveengineering:material","damage":19},"prerequisites":["3f1d527c-ab76-4ea4-a63e-8afb1c42474f"],"tasks":[{"type":"DETECT","items":[{"item":{"id":"immersiveengineering:material","damage":19}}]}],"commandrewards":[]},{"uuid":"808165a7-1c53-48f6-8cac-9b5260329b1e","name":"Infinite Storage","x":20,"y":17,"bigicon":true,"icon":{"id":"refinedstorage:controller","damage":1,"nbt":"{Energy:32000}"},"prerequisites":["7ee3bea5-cc49-4dc9-aa23-86a08e96f46f","99719e3a-b444-4651-b843-f2cbf3a2d0b1","ee42801a-e0f6-4a89-a355-a19a9d318a43","721b67bc-9f37-4b5f-9722-0ffe9aa2b23e"],"tasks":[{"type":"DETECT","items":[{"item":{"id":"refinedstorage:controller","nbt":"{Energy:0}"}},{"item":{"id":"refinedstorage:grid"}},{"item":{"id":"refinedstorage:disk_drive"}}]}],"commandrewards":[]},{"uuid":"c719e773-d334-449d-84d7-bab22f20d892","name":"Would smash","x":249,"y":20,"icon":{"id":"contenttweaker:normalsmashedmachine"},"prerequisites":["e27c5f44-59d2-408a-a489-badb85aca6b2"],"tasks":[{"type":"DETECT","items":[{"item":{"id":"contenttweaker:normalsmashedmachine"}}]}],"commandrewards":[]},{"uuid":"f3d9369e-0218-4fa5-b534-ae343272491e","name":"Really?","x":284,"y":100,"icon":{"id":"contenttweaker:smallsmashedmachine"},"prerequisites":["b99d9fed-4066-4e24-af83-69a040a12f82"],"tasks":[{"type":"DETECT","items":[{"item":{"id":"contenttweaker:smallsmashedmachine"}}]}],"commandrewards":[]},{"uuid":"46a51003-c3d7-428b-ab58-a90dfec89efe","name":"Big BOOM","x":163,"y":143,"icon":{"id":"minecraft:tnt"},"prerequisites":["9fe1e2b5-b6d0-49fa-893d-bedf50c2aeb4"],"tasks":[{"type":"DETECT","items":[{"item":{"id":"minecraft:tnt"}}]}],"commandrewards":[]},{"uuid":"ee42801a-e0f6-4a89-a355-a19a9d318a43","name":"Silicon Bits","x":93,"y":80,"icon":{"id":"refinedstorage:silicon"},"prerequisites":["51c18a0f-56b6-4abf-a0b2-be63d289f819"],"tasks":[{"type":"DETECT","items":[{"item":{"id":"refinedstorage:silicon"},"precision":"ORE_DICTIONARY"}]}],"commandrewards":[]},{"uuid":"fdca359d-d9a2-40c3-926b-21e6c8d99279","name":"Detonation Nano-Diamonds","description":"Diamond nanocrystals (5 nm in diameter) can be formed by detonating certain carbon-containing explosives","x":110,"y":20,"icon":{"id":"betterwithmods:material","damage":46},"prerequisites":["581159a1-19df-43d8-8904-7760cbfe00fd"],"tasks":[{"type":"DETECT","items":[{"item":{"id":"betterwithmods:material","damage":46},"precision":"ORE_DICTIONARY"}]}],"commandrewards":[]},{"uuid":"18e9257e-ceea-448c-89f3-0a0413f814e1","name":"Baby\u0027s first fission reactor","description":"Not as hot as the sun, but still pretty cool. Any reactor needs a controller, at least a cooler to run stable, a reactor cell where fission can occur, and ONLY enough casing to cover a room that contains cell and cooler. This means, just don\u0027t put casing on the edges of the reactor chamber - other blocks are fine. The smallest stable reactor is 2x1x1 internal. More cells next to each other provides a massive boost to energy and heat.","x":270,"y":59,"bigicon":true,"icon":{"id":"nuclearcraft:fission_controller_new_fixed"},"prerequisites":["b7789556-3f4c-474b-83e6-8b4fe2c32421"],"tasks":[{"type":"DETECT","items":[{"item":{"id":"nuclearcraft:fission_controller_new_fixed"}},{"item":{"id":"nuclearcraft:fission_block"},"required":8},{"item":{"id":"nuclearcraft:reactor_casing_transparent"},"required":2},{"item":{"id":"nuclearcraft:cell_block"}},{"item":{"id":"nuclearcraft:cooler"}}]}],"rewardchoice":[{"id":"nuclearcraft:reactor_trapdoor"},{"id":"nuclearcraft:reactor_door_item"},{"id":"nuclearcraft:fission_port"}],"commandrewards":[]},{"uuid":"b7789556-3f4c-474b-83e6-8b4fe2c32421","name":"Close to a mansion","x":244,"y":61,"icon":{"id":"compactmachines3:machine","damage":2},"prerequisites":["f3d9369e-0218-4fa5-b534-ae343272491e"],"tasks":[{"type":"DETECT","items":[{"item":{"id":"compactmachines3:machine","damage":2}}]}],"reward":[{"id":"betterwithmods:dirt_pile"}],"commandrewards":[]},{"uuid":"cfe6d09a-5557-447e-93e6-be019a2220f2","name":"Dusty","description":"Dust can be created by hammering things a whole bunch","x":19,"y":170,"icon":{"id":"exnihilocreatio:block_dust"},"prerequisites":["6012eb0f-d377-41f7-bb9e-46669c9b62c0"],"tasks":[{"type":"DETECT","items":[{"item":{"id":"exnihilocreatio:block_dust"},"required":10}]}],"commandrewards":[]},{"uuid":"c3e4cc2f-41e8-4fce-a70d-9d8fd06814a1","name":"Barrel Roll","x":42,"y":191,"icon":{"id":"exnihilocreatio:block_barrel1"},"prerequisites":["cfe6d09a-5557-447e-93e6-be019a2220f2"],"tasks":[{"type":"DETECT","items":[{"item":{"id":"exnihilocreatio:block_barrel1"}}]}],"commandrewards":[]},{"uuid":"c2fe0138-1a50-44da-af54-8f3d8af395be","name":"There must be a better way","description":"A blast furnace can also be used to create steel. This way most of it doesn\u0027t explode","x":192,"y":190,"icon":{"id":"immersiveengineering:stone_decoration","damage":1},"prerequisites":["b22f95ad-95cf-4451-9f7f-97bd604e6527","f69fe73b-238c-4735-9821-a7075f499087"],"tasks":[{"type":"DETECT","items":[{"item":{"id":"immersiveengineering:stone_decoration","damage":1},"required":27}]}],"commandrewards":[]},{"uuid":"9fe1e2b5-b6d0-49fa-893d-bedf50c2aeb4","name":"Gunpowder","x":134,"y":143,"icon":{"id":"minecraft:gunpowder"},"prerequisites":["88eba138-bb13-4749-8c7f-a020c184526a","272510a7-299d-4d23-b4db-50b1a6d6c2ec"],"tasks":[{"type":"DETECT","items":[{"item":{"id":"minecraft:gunpowder"}}]}],"commandrewards":[]},{"uuid":"fcbe6433-39b4-4e7f-8436-900480580b80","name":"Metal Press","description":"You\u0027re getting a reward this time - you\u0027re gonna need it (if you don\u0027t use the engineers hammer to rotate it, all the cool kids do it without)!","x":248,"y":130,"icon":{"id":"immersiveengineering:metal_decoration0","damage":5},"prerequisites":["1fc41b85-5d08-45fa-8cc3-7a3dc14b64bb"],"tasks":[{"type":"DETECT","items":[{"item":{"id":"immersiveengineering:metal_decoration0","damage":5}},{"item":{"id":"minecraft:piston"}},{"item":{"id":"immersiveengineering:conveyor","nbt":"{conveyorType:\"immersiveengineering:conveyor\"}"},"required":2},{"item":{"id":"immersiveengineering:metal_decoration0","damage":3}},{"item":{"id":"immersiveengineering:metal_decoration1","damage":1},"required":2}]}],"reward":[{"id":"minecraft:sticky_piston"}],"commandrewards":[]},{"uuid":"272510a7-299d-4d23-b4db-50b1a6d6c2ec","name":"Niter","x":118,"y":169,"icon":{"id":"betterwithmods:material","damage":26},"prerequisites":["50b13e3e-ff68-4aa2-8028-c37b561114b3"],"tasks":[{"type":"DETECT","items":[{"item":{"id":"thermalfoundation:material","damage":772},"required":8}]}],"commandrewards":[]},{"uuid":"cf01c803-020f-42de-9471-5693e0497494","name":"Hard as Steel","description":"To get at least, also a slightly hazzardous","x":191,"y":143,"icon":{"id":"immersiveengineering:metal","damage":17},"prerequisites":["46a51003-c3d7-428b-ab58-a90dfec89efe","c2fe0138-1a50-44da-af54-8f3d8af395be"],"tasks":[{"type":"DETECT","items":[{"item":{"id":"thermalfoundation:material","damage":96}}]}],"commandrewards":[]},{"uuid":"e27c5f44-59d2-408a-a489-badb85aca6b2","name":"Compacted Squared","description":"Melting a compact machine is no easy feat and requires quite a substantial amount of energy","x":278,"y":17,"bigicon":true,"icon":{"id":"forge:bucketfilled","nbt":"{FluidName:\"compactfluid\",Amount:1000}"},"prerequisites":["b7789556-3f4c-474b-83e6-8b4fe2c32421","18e9257e-ceea-448c-89f3-0a0413f814e1"],"tasks":[{"type":"DETECT","items":[{"item":{"id":"nuclearcraft:melter_idle"}},{"item":{"id":"nuclearcraft:ingot_former_idle"}}]}],"commandrewards":[]},{"uuid":"e81b36eb-fd7e-4d16-bec1-af5a2b0da822","name":"Very log-y","description":"This shouldn\u0027t be that hard","x":185,"y":60,"icon":{"id":"minecraft:log"},"prerequisites":["6bd1dc64-e977-44fb-84ef-9e1cfaea0513"],"tasks":[{"type":"DETECT","items":[{"item":{"id":"minecraft:log"},"precision":"ORE_DICTIONARY"}]}],"commandrewards":[]},{"uuid":"b99d9fed-4066-4e24-af83-69a040a12f82","name":"Crusher","description":"The metal press is too weak to do anything to a block this compact. We need another machine!","x":282,"y":133,"bigicon":true,"icon":{"id":"immersivepetroleum:schematic","nbt":"{multiblock:\"IE:Crusher\"}"},"prerequisites":["f6cec82b-659f-497a-8bcb-9d0f0b39d8c1"],"tasks":[{"type":"DETECT","items":[{"item":{"id":"immersiveengineering:metal_decoration1"},"required":8},{"item":{"id":"minecraft:hopper"},"required":9},{"item":{"id":"immersiveengineering:metal_decoration0","damage":3}},{"item":{"id":"immersiveengineering:metal_decoration1","damage":1},"required":10},{"item":{"id":"immersiveengineering:metal_decoration0","damage":4},"required":10}]}],"commandrewards":[]},{"uuid":"020ab15f-81e4-45a0-a704-c29b1b86813b","name":"A tunnel to other rooms","description":"Through this pack you\u0027ll get acquinted with tunnels. They can link one side of the inside of a compact machine, to the outside of it. That way you don\u0027t have to travel between compact machines all the time to get your stuff. P.S. All compact machines are chunkloaded - so don\u0027t worry about it ;)","x":244,"y":90,"bigicon":true,"icon":{"id":"compactmachines3:tunneltool"},"prerequisites":["fcbe6433-39b4-4e7f-8436-900480580b80"],"tasks":[{"type":"DETECT","items":[{"item":{"id":"compactmachines3:tunneltool"},"required":2},{"item":{"id":"compactmachines3:redstonetunneltool"},"required":2}]}],"rewardchoice":[{"id":"compactmachines3:tunneltool","amount":2},{"id":"compactmachines3:redstonetunneltool","amount":2},{"id":"minecraft:carrot"}],"commandrewards":[]},{"uuid":"6bd1dc64-e977-44fb-84ef-9e1cfaea0513","name":"Soggy Sapling","description":"You can create a sapling by throwing it into water, now it also has space to grow as well","x":215,"y":61,"icon":{"id":"minecraft:sapling"},"prerequisites":["b7789556-3f4c-474b-83e6-8b4fe2c32421"],"tasks":[{"type":"DETECT","items":[{"item":{"id":"minecraft:sapling"}}]}],"commandrewards":[]},{"uuid":"50b13e3e-ff68-4aa2-8028-c37b561114b3","name":"What\u0027s Poopin\u0027 Good Lookin\u0027","description":"Get a bucket of pungent stuff","x":63,"y":170,"icon":{"id":"forge:bucketfilled","nbt":"{FluidName:\"sewage\",Amount:1000}"},"prerequisites":["cfe6d09a-5557-447e-93e6-be019a2220f2"],"tasks":[{"type":"DETECT","items":[{"item":{"id":"forge:bucketfilled","nbt":"{FluidName:\"sewage\",Amount:1000}"}}]}],"commandrewards":[]},{"uuid":"f69fe73b-238c-4735-9821-a7075f499087","name":"Blaze it","description":"Metal stick into fire makes it glow","x":221,"y":160,"icon":{"id":"minecraft:blaze_rod"},"tasks":[{"type":"DETECT","items":[{"item":{"id":"minecraft:blaze_rod"}}]}],"commandrewards":[]},{"uuid":"b22f95ad-95cf-4451-9f7f-97bd604e6527","name":"Unfired Adm Briggs","x":89,"y":191,"icon":{"id":"betterwithmods:unfired_pottery","damage":5},"prerequisites":["c3e4cc2f-41e8-4fce-a70d-9d8fd06814a1"],"tasks":[{"type":"DETECT","items":[{"item":{"id":"betterwithmods:unfired_pottery","damage":5}}]}],"commandrewards":[]},{"uuid":"88eba138-bb13-4749-8c7f-a020c184526a","name":"Smelling fine","x":104,"y":143,"icon":{"id":"immersiveengineering:material","damage":25},"prerequisites":["5ea69e53-e816-4862-ba9c-9e4865165c86"],"tasks":[{"type":"DETECT","items":[{"item":{"id":"immersiveengineering:material","damage":25}}]}],"commandrewards":[]},{"uuid":"0f8eaba4-579b-4ea5-ba11-c407f34fd6f5","name":"Grindin\u0027","x":47,"y":89,"icon":{"id":"betterwithmods:single_machine"},"prerequisites":["4e5fdbd1-2377-4c14-8327-ed00fc913c15"],"tasks":[{"type":"DETECT","items":[{"item":{"id":"betterwithmods:single_machine"}}]}],"commandrewards":[]},{"uuid":"395d342b-52da-467f-af53-476a634392d1","name":"Now we\u0027re talking","x":213,"y":17,"bigicon":true,"icon":{"id":"compactmachines3:machine","damage":3},"prerequisites":["c719e773-d334-449d-84d7-bab22f20d892"],"tasks":[{"type":"DETECT","items":[{"item":{"id":"compactmachines3:machine","damage":3}}]}],"commandrewards":[]},{"uuid":"812334b3-63fd-4ac3-97d9-57b585b36b0a","name":"Why would you do that?","description":"4 times?","x":249,"y":163,"icon":{"id":"contenttweaker:tinysmashedmachine"},"prerequisites":["fcbe6433-39b4-4e7f-8436-900480580b80"],"tasks":[{"type":"DETECT","items":[{"item":{"id":"contenttweaker:tinysmashedmachine"},"required":4}]}],"commandrewards":[]},{"uuid":"3f1d527c-ab76-4ea4-a63e-8afb1c42474f","name":"HOP dust","description":"Squeeze some coal coke dust into some better dust (use a squeezer!)","x":177,"y":20,"icon":{"id":"thermalfoundation:material","damage":768},"prerequisites":["e81b36eb-fd7e-4d16-bec1-af5a2b0da822"],"tasks":[{"type":"DETECT","items":[{"item":{"id":"immersiveengineering:material","damage":18}}]}],"commandrewards":[]},{"uuid":"f6cec82b-659f-497a-8bcb-9d0f0b39d8c1","name":"Finally More Room","x":287,"y":192,"icon":{"id":"compactmachines3:machine","damage":1},"prerequisites":["812334b3-63fd-4ac3-97d9-57b585b36b0a"],"tasks":[{"type":"DETECT","items":[{"item":{"id":"compactmachines3:machine","damage":1}}]}],"commandrewards":[]},{"uuid":"7ee3bea5-cc49-4dc9-aa23-86a08e96f46f","name":"Part of the process","x":76,"y":20,"icon":{"id":"refinedstorage:processor","damage":5},"prerequisites":["fdca359d-d9a2-40c3-926b-21e6c8d99279"],"tasks":[{"type":"DETECT","items":[{"item":{"id":"refinedstorage:processor","damage":5}}]}],"commandrewards":[]},{"uuid":"1fc41b85-5d08-45fa-8cc3-7a3dc14b64bb","name":"Power!","description":"Your machines are gonna need some power. Unfortunately you\u0027re low on space so this seems to be the only option","x":219,"y":129,"icon":{"id":"immersiveengineering:metal_device1","damage":3},"prerequisites":["cf01c803-020f-42de-9471-5693e0497494"],"tasks":[{"type":"DETECT","items":[{"item":{"id":"immersiveengineering:metal_device1","damage":3}},{"item":{"id":"minecraft:lava_bucket"}},{"item":{"id":"immersiveengineering:connector"}},{"item":{"id":"immersiveengineering:wirecoil"}}]}],"commandrewards":[]},{"uuid":"6012eb0f-d377-41f7-bb9e-46669c9b62c0","name":"Room to breathe","x":16,"y":118,"bigicon":true,"icon":{"id":"compactmachines3:machine"},"prerequisites":["2a0d6791-9c1d-42fe-87f5-a1a5077baa01"],"commandrewards":[]}],"reputationBar":[]}