{
  "ore:treeSapling": {
    "fluid": "water",
    "amount": 250,
    "textureOverride": {
      "name":"minecraft:leaves",
      "meta": 0
    }
  },
  "ore:treeLeaves": {
    "fluid": "water",
    "amount": 250,
    "textureOverride": {
      "name":"minecraft:leaves",
      "meta": 0
    }
  },
  "minecraft:apple:0": {
    "fluid": "water",
    "amount": 250,
    "textureOverride": {
      "name":"minecraft:leaves",
      "meta": 0
    }
  },
  "minecraft:wheat_seeds": {
    "fluid": "water",
    "amount": 250,
    "textureOverride": {
      "name":"minecraft:leaves",
      "meta": 0
    }
  },
  "ore:listAllveggie": {
    "fluid": "water",
    "amount": 250,
    "textureOverride": {
      "name":"minecraft:leaves",
      "meta": 0
    }
  },
  "ore:listAllfruit": {
    "fluid": "water",
    "amount": 250,
    "textureOverride": {
      "name":"minecraft:leaves",
      "meta": 0
    }
  }
}