{
  "minecraft:magma:-1": 2,
  "minecraft:glowstone:-1": 2,
  "bigreactors:blockyellorium:-1": 10,
  "bigreactors:blockcyanite:-1": 15,
  "bigreactors:blockblutonium:-1": 20,
  "nuclearcraft:block_depleted_californium": 3000,
  "nuclearcraft:block_depleted_berkelium": 600,
  "nuclearcraft:block_depleted_curium": 100,
  "nuclearcraft:block_depleted_americium": 100,
  "nuclearcraft:block_depleted_thorium": 61,
  "nuclearcraft:block_depleted_plutonium": 24,
  "nuclearcraft:block_depleted_neptunium": 4,
  "nuclearcraft:block_depleted_uranium": 2,
  "thermalfoundation:fluid_mana:-1": 1,
  "minecraft:flowing_lava:-1": 3,
  "minecraft:lava:-1": 3,
  "thermalfoundation:fluid_pyrotheum:-1": 15,
  "thermalfoundation:fluid_petrotheum:-1": 1,
  "industrialforegoing:meat:-1": 1,
  "industrialforegoing:latex:-1": 1,
  "industrialforegoing:sludge:-1": 1,
  "industrialforegoing:biofuel:-1": 1,
  "industrialforegoing:if.protein:-1": 1,
  "minecraft:torch:-1": 1,
  "minecraft:fire:-1": 4
}