{"name":"Challenges","quests":[{"uuid":"a5aa3486-a4ac-4d4f-8ce9-a337a4619c83","name":"Unnamed","x":137,"y":31,"icon":{"id":"nuclearcraft:foursmore"},"prerequisites":["246a10ae-cce3-4fc5-a960-7ca07354a29d"],"tasks":[{"type":"DETECT","items":[{"item":{"id":"nuclearcraft:foursmore"}}]}],"commandrewards":[]},{"uuid":"0fd80134-a24b-4571-9d94-ceb97c341b6a","name":"Diamonds!","description":"Oh lawd","x":217,"y":130,"icon":{"id":"minecraft:diamond_block"},"prerequisites":["246a10ae-cce3-4fc5-a960-7ca07354a29d"],"tasks":[{"type":"CONSUME","items":[{"item":{"id":"minecraft:diamond_block"},"required":500}]}],"commandrewards":[]},{"uuid":"23e87dad-df98-4d4b-ba5b-e77590954ab7","name":"Water","x":187,"y":30,"icon":{"id":"minecraft:water_bucket"},"prerequisites":["246a10ae-cce3-4fc5-a960-7ca07354a29d"],"tasks":[{"type":"CONSUME","items":[{"fluid":"water","required":1000000}]}],"commandrewards":[]},{"uuid":"a06f748e-e635-43b7-92fe-7f6c72ba07d1","name":"Iron","x":222,"y":94,"icon":{"id":"minecraft:iron_block"},"prerequisites":["246a10ae-cce3-4fc5-a960-7ca07354a29d"],"tasks":[{"type":"CONSUME","items":[{"item":{"id":"minecraft:iron_block"},"required":1000}]}],"commandrewards":[]},{"uuid":"246a10ae-cce3-4fc5-a960-7ca07354a29d","name":"Bedrock Breaker","description":"Breaks Bedrock","x":155,"y":92,"bigicon":true,"icon":{"id":"bedrockminer:bedrock_pickaxe"},"prerequisites":["ec302ec1-e29c-4299-ad79-6ed75989814d"],"tasks":[{"type":"DETECT","items":[{"item":{"id":"bedrockminer:bedrock_pickaxe"}}]}],"commandrewards":[]},{"uuid":"f111c88d-8d28-491d-9b56-b32ca45c16b1","name":"Lava","x":211,"y":57,"icon":{"id":"minecraft:lava_bucket"},"prerequisites":["246a10ae-cce3-4fc5-a960-7ca07354a29d"],"tasks":[{"type":"CONSUME","items":[{"fluid":"lava","required":1000000}]}],"commandrewards":[]},{"uuid":"d200ec56-1a92-47c3-b2f9-7896c5bb4f5c","name":"Bedrock","description":"Inhuman","x":191,"y":161,"icon":{"id":"minecraft:bedrock"},"prerequisites":["246a10ae-cce3-4fc5-a960-7ca07354a29d"],"tasks":[{"type":"CONSUME","items":[{"item":{"id":"minecraft:bedrock"},"required":100}]}],"commandrewards":[]}],"reputationBar":[]}