{"name":"Compact Claustrophobia","quests":[{"uuid":"ef111d73-ada6-4a5f-bbf7-13f7312bf130","name":"Soft Pick","description":"Depending on how tough the thing you hit the walls with is, you might be able to extract different materials. Perhaps wood, although soft is better than your flimsy hands!","x":51,"y":70,"icon":{"id":"minecraft:wooden_pickaxe"},"prerequisites":["bc3a1dcd-18a2-4879-a75b-be1a753dbdde"],"tasks":[{"type":"DETECT","items":[{"item":{"id":"minecraft:wooden_pickaxe"}}]}],"commandrewards":[]},{"uuid":"4aab92ef-58d5-4953-a37f-17fb3501f905","name":"Infinite Tiny Rooms","description":"ZOMG","x":292,"y":93,"bigicon":true,"icon":{"id":"compactmachines3:machine"},"prerequisites":["2a0d6791-9c1d-42fe-87f5-a1a5077baa01"],"tasks":[{"type":"COMPLETION","completed_quests":[{"quest_uuid":"2a0d6791-9c1d-42fe-87f5-a1a5077baa01"}]}],"commandrewards":[]},{"uuid":"d2c28773-17ad-4a59-9c84-f9cb26129adf","name":"Old Tubby","description":"Useful for making things wet","x":145,"y":86,"icon":{"id":"exnihilocreatio:block_barrel0"},"prerequisites":["bc3a1dcd-18a2-4879-a75b-be1a753dbdde"],"tasks":[{"type":"DETECT","items":[{"item":{"id":"exnihilocreatio:block_barrel0"}}]}],"commandrewards":[]},{"uuid":"8e5c19b9-108d-428a-86ce-e56428afe9a0","name":"The beginning","description":"Hit the walls (left-click) to let out your frustrations, and perhaps get out some of the things that\u0027s been hiding in the cracks!","x":121,"y":14,"bigicon":true,"icon":{"id":"compactmachines3:wallbreakable"},"tasks":[{"type":"LOCATION","locations":[{"name":"New","x":0,"y":0,"z":0,"dim":144,"radius":-1}]}],"commandrewards":[]},{"uuid":"1253763f-892b-4878-8a74-e92506a01844","name":"Decay and Growth","description":"This can absorb and produce power from all kinds of stuff","x":220,"y":177,"icon":{"id":"nuclearcraft:decay_generator"},"prerequisites":["5e3d4373-fde2-4d7e-b4fd-992f9e897547"],"tasks":[{"type":"DETECT","items":[{"item":{"id":"nuclearcraft:decay_generator"}}]}],"commandrewards":[]},{"uuid":"4d4cdda2-fb00-4af5-8357-43f8e4182fa7","name":"Simple Transit","description":"This will help you out!","x":39,"y":168,"icon":{"id":"minecraft:hopper"},"prerequisites":["6404fa22-285a-4448-a058-c64d5f2eb6d5"],"tasks":[{"type":"DETECT","items":[{"item":{"id":"minecraft:hopper"}}]}],"reward":[{"id":"minecraft:hopper"}],"commandrewards":[]},{"uuid":"6a28e230-65f4-4bd6-82a4-a98381837d93","name":"Clay.. yup","description":"Wet\u0027n\u0027sticky","x":179,"y":140,"icon":{"id":"minecraft:clay"},"prerequisites":["d2c28773-17ad-4a59-9c84-f9cb26129adf","81c1fa8d-5f20-4da7-99e7-81849707f48b"],"tasks":[{"type":"DETECT","items":[{"item":{"id":"minecraft:clay"}}]}],"commandrewards":[]},{"uuid":"bc3a1dcd-18a2-4879-a75b-be1a753dbdde","name":"Wood\u0027s Good","description":"But still not very impressive. Getting there!","x":84,"y":71,"icon":{"id":"minecraft:planks"},"prerequisites":["3bd5aa0f-615b-479f-bb20-bee1055d6356"],"tasks":[{"type":"DETECT","items":[{"item":{"id":"minecraft:planks"},"precision":"ORE_DICTIONARY"}]}],"commandrewards":[]},{"uuid":"5e3d4373-fde2-4d7e-b4fd-992f9e897547","name":"Something to keep you warm \u003c3","description":"A mystical material great as pocket warmer. Don\u0027t mind any potential side-effects ;)","x":120,"y":177,"icon":{"id":"immersiveengineering:storage","damage":5},"prerequisites":["6404fa22-285a-4448-a058-c64d5f2eb6d5"],"tasks":[{"type":"DETECT","items":[{"item":{"id":"immersiveengineering:storage","damage":5}}]}],"reward":[{"id":"nuclearcraft:geiger_counter"},{"id":"nuclearcraft:radaway"}],"rewardchoice":[{"id":"nuclearcraft:helm_hazmat"},{"id":"nuclearcraft:radaway_slow"},{"id":"nuclearcraft:boots_hazmat"}],"commandrewards":[]},{"uuid":"7f08a62e-ba4f-4579-8379-529d6e566eb3","name":"Coarse\u0027n\u0027Everywhere","x":183,"y":59,"icon":{"id":"minecraft:sand"},"prerequisites":["042946ad-6081-4cc0-a37c-cc27fc1c12b8"],"tasks":[{"type":"DETECT","items":[{"item":{"id":"minecraft:sand"}}]}],"commandrewards":[]},{"uuid":"3bd5aa0f-615b-479f-bb20-bee1055d6356","name":"Getting your hands dirty","description":"Right click to rummage!","x":84,"y":37,"icon":{"id":"minecraft:dirt"},"prerequisites":["8e5c19b9-108d-428a-86ce-e56428afe9a0"],"tasks":[{"type":"BLOCK_PLACE","longDescription":"Unnamed","blocks":[{"item":{"id":"minecraft:dirt"}}]}],"commandrewards":[]},{"uuid":"2a0d6791-9c1d-42fe-87f5-a1a5077baa01","name":"Blocks against Claustrophobia","description":"Looks odly familiar","x":258,"y":96,"icon":{"id":"compactmachines3:wallbreakable"},"prerequisites":["397db2e8-ba7f-4ace-94c3-9e12abd76c51"],"tasks":[{"type":"DETECT","items":[{"item":{"id":"compactmachines3:wallbreakable"},"required":4}]}],"commandrewards":[]},{"uuid":"9206ce1a-eb4d-4647-9911-c98a594c3094","name":"Auto Clicker","description":"The auto clicker is also able to get stuff from the hard walls surrounding you! Make this your new best friend. Make sure to have at least 1 block distance. Auto clickers need space too ya know!","x":80,"y":180,"bigicon":true,"icon":{"id":"clickmachine:auto_clicker"},"prerequisites":["6404fa22-285a-4448-a058-c64d5f2eb6d5"],"tasks":[{"type":"BLOCK_PLACE","blocks":[{"item":{"id":"clickmachine:auto_clicker"}}]}],"reward":[{"id":"clickmachine:auto_clicker"}],"commandrewards":[]},{"uuid":"6404fa22-285a-4448-a058-c64d5f2eb6d5","name":"Heavy Metal","description":"Better than what you had before!","x":83,"y":140,"icon":{"id":"minecraft:iron_ingot"},"prerequisites":["2c59111c-b80b-4d31-a5cf-472c5767321b"],"tasks":[{"type":"DETECT","items":[{"item":{"id":"minecraft:iron_ingot"}}]}],"commandrewards":[]},{"uuid":"2c59111c-b80b-4d31-a5cf-472c5767321b","name":"All Cobbled Together","description":"Solid as a ...?","x":84,"y":106,"icon":{"id":"minecraft:cobblestone"},"prerequisites":["bc3a1dcd-18a2-4879-a75b-be1a753dbdde"],"tasks":[{"type":"DETECT","items":[{"item":{"id":"minecraft:cobblestone"},"precision":"ORE_DICTIONARY"}]}],"commandrewards":[]},{"uuid":"53546531-2ec1-4ccb-95be-8531fb4caa0e","name":"Hammer of Knowledge!","description":"This item can turn stuff around - very useful!","x":52,"y":193,"icon":{"id":"immersiveengineering:tool"},"prerequisites":["6404fa22-285a-4448-a058-c64d5f2eb6d5"],"tasks":[{"type":"DETECT","items":[{"item":{"id":"immersiveengineering:tool"}}]}],"commandrewards":[]},{"uuid":"81c1fa8d-5f20-4da7-99e7-81849707f48b","name":"A cure against a dry throat","description":"It\u0027s the quenchiest!","x":119,"y":141,"icon":{"id":"minecraft:water_bucket"},"prerequisites":["6404fa22-285a-4448-a058-c64d5f2eb6d5","38a2016f-f86c-4a37-8737-bac332c633cb"],"tasks":[{"type":"DETECT","items":[{"item":{"id":"minecraft:water_bucket"}}]}],"commandrewards":[]},{"uuid":"1e392852-a0be-4dfd-9f93-8ca68ab146ca","name":"Chubby Pick","description":"Rock on!","x":51,"y":105,"icon":{"id":"minecraft:stone_pickaxe"},"prerequisites":["2c59111c-b80b-4d31-a5cf-472c5767321b"],"tasks":[{"type":"DETECT","items":[{"item":{"id":"minecraft:stone_pickaxe"}}]}],"commandrewards":[]},{"uuid":"13444603-23f6-4d22-9ad0-3e1b4036d8c4","name":"Eat poop and DON\u0027T die","description":"Poop is not very tasty. You poop when you sneak around","x":50,"y":37,"icon":{"id":"cropdusting:poop"},"prerequisites":["3bd5aa0f-615b-479f-bb20-bee1055d6356"],"tasks":[{"type":"DETECT","items":[{"item":{"id":"cropdusting:poop"}}]}],"reward":[{"id":"minecraft:cooked_beef"}],"commandrewards":[]},{"uuid":"44cd1216-2268-4425-a550-dcbd28ebd53b","name":"Burn the rest","description":"If the taste get\u0027s stale for your palette, try adding a hint of wheat and use it as fuel","x":23,"y":37,"icon":{"id":"contenttweaker:poopfuel"},"prerequisites":["13444603-23f6-4d22-9ad0-3e1b4036d8c4"],"tasks":[{"type":"DETECT","items":[{"item":{"id":"contenttweaker:poopfuel"}}]}],"commandrewards":[]},{"uuid":"1ee45ef2-5d2c-4c64-a611-c8ab580376ca","name":"Fully Transparent","description":"It\u0027s true!","x":220,"y":59,"icon":{"id":"minecraft:glass_pane"},"prerequisites":["7f08a62e-ba4f-4579-8379-529d6e566eb3"],"tasks":[{"type":"DETECT","items":[{"item":{"id":"minecraft:glass_pane"}}]}],"commandrewards":[]},{"uuid":"38a2016f-f86c-4a37-8737-bac332c633cb","name":"Home Brewed","description":"Maybe we can get moisture from somewhere?","x":119,"y":106,"icon":{"id":"exnihilocreatio:block_crucible_wood"},"prerequisites":["bc3a1dcd-18a2-4879-a75b-be1a753dbdde"],"tasks":[{"type":"DETECT","items":[{"item":{"id":"exnihilocreatio:block_crucible_wood"}}]}],"commandrewards":[]},{"uuid":"e7213a51-138c-46a8-900a-6990e5bf7503","name":"Home grown wood","description":"Things grow faster if you sneak around on top (hold shift and walk on crops)","x":111,"y":50,"icon":{"id":"arcadialbonsaitrees:bonsai_oak_sapling"},"prerequisites":["3bd5aa0f-615b-479f-bb20-bee1055d6356"],"tasks":[{"type":"BLOCK_PLACE","blocks":[{"item":{"id":"arcadialbonsaitrees:bonsai_oak_sapling"},"precision":"NBT_FUZZY"}]}],"commandrewards":[]},{"uuid":"397db2e8-ba7f-4ace-94c3-9e12abd76c51","name":"Small Compactor","description":"Search in JEI for Small Compactor - these are the required blocks. Make sure the hoppers face correctly, assembling machines can sometime be a little tricky!","x":217,"y":92,"bigicon":true,"icon":{"id":"modularmachinery:blockcontroller"},"prerequisites":["6a28e230-65f4-4bd6-82a4-a98381837d93","1ee45ef2-5d2c-4c64-a611-c8ab580376ca","1253763f-892b-4878-8a74-e92506a01844"],"tasks":[{"type":"DETECT","items":[{"item":{"id":"minecraft:brick_block"},"required":3},{"item":{"id":"modularmachinery:blockcontroller"}},{"item":{"id":"modularmachinery:blockoutputbus"}},{"item":{"id":"modularmachinery:blockinputbus"}},{"item":{"id":"modularmachinery:blockenergyinputhatch"}},{"item":{"id":"minecraft:glass_pane"}},{"item":{"id":"minecraft:hopper"}},{"item":{"id":"uppers:upper"}},{"item":{"id":"minecraft:stone_slab","damage":5},"required":2}]}],"commandrewards":[]},{"uuid":"042946ad-6081-4cc0-a37c-cc27fc1c12b8","name":"Hammer Time!... sigh..","description":"You can smash stuff into bits","x":145,"y":59,"icon":{"id":"exnihilocreatio:hammer_wood"},"prerequisites":["bc3a1dcd-18a2-4879-a75b-be1a753dbdde"],"tasks":[{"type":"DETECT","items":[{"item":{"id":"exnihilocreatio:hammer_wood"}}]}],"commandrewards":[]},{"uuid":"172eadcf-7245-466b-8b1b-71ea4113e690","name":"Hard Pick","description":"What all the ladies want","x":50,"y":140,"icon":{"id":"minecraft:iron_pickaxe"},"prerequisites":["6404fa22-285a-4448-a058-c64d5f2eb6d5"],"tasks":[{"type":"DETECT","items":[{"item":{"id":"minecraft:iron_pickaxe"}}]}],"commandrewards":[]}],"reputationBar":[]}