{"name":"Infinite tiny space","quests":[{"uuid":"621dd907-3f25-40c4-8cf4-9e0b25863003","name":"Steel Pick","description":"This hits harder than even iron!","x":168,"y":118,"icon":{"id":"thermalfoundation:tool.pickaxe_steel"},"prerequisites":["cf01c803-020f-42de-9471-5693e0497494"],"tasks":[{"type":"DETECT","items":[{"item":{"id":"thermalfoundation:tool.pickaxe_steel"}}]}],"commandrewards":[]},{"uuid":"063639fa-40e5-4772-87e5-575414fb5414","name":"Bioblending!","description":"When the stomach aches, this will help you at stages","x":54,"y":120,"icon":{"id":"thermalfoundation:material","damage":818},"prerequisites":["4a2fe1a3-8a27-4a7d-899b-a723aa6d00f2"],"tasks":[{"type":"DETECT","items":[{"item":{"id":"thermalfoundation:material","damage":818}}]}],"commandrewards":[]},{"uuid":"51c18a0f-56b6-4abf-a0b2-be63d289f819","name":"Quartz","description":"Goes well in fours","x":130,"y":71,"icon":{"id":"minecraft:quartz"},"prerequisites":["621dd907-3f25-40c4-8cf4-9e0b25863003"],"tasks":[{"type":"DETECT","items":[{"item":{"id":"minecraft:quartz"}}]}],"commandrewards":[]},{"uuid":"a54098ba-5153-4a6d-857e-fc4e53ef0e97","name":"Rich iron","description":"Very useful!","x":123,"y":43,"icon":{"id":"refinedstorage:quartz_enriched_iron"},"prerequisites":["51c18a0f-56b6-4abf-a0b2-be63d289f819"],"tasks":[{"type":"DETECT","items":[{"item":{"id":"refinedstorage:quartz_enriched_iron"}}]}],"commandrewards":[]},{"uuid":"721b67bc-9f37-4b5f-9722-0ffe9aa2b23e","name":"Shulkin\u0027","description":"Some blaze powder might motivate a chest to go on and about. Give it a go!","x":139,"y":166,"icon":{"id":"minecraft:shulker_shell"},"prerequisites":["f69fe73b-238c-4735-9821-a7075f499087"],"tasks":[{"type":"DETECT","items":[{"item":{"id":"minecraft:shulker_shell"}}]}],"commandrewards":[]},{"uuid":"de349bd4-997a-4200-94bd-52cc964667bc","name":"\"Real\" leather","description":"This should be suitable for conveyer belts and other stuff","x":210,"y":88,"icon":{"id":"minecraft:leather"},"prerequisites":["e4764c1b-0d56-4eca-a9f1-8a10a987210d"],"tasks":[{"type":"DETECT","items":[{"item":{"id":"minecraft:leather"}}]}],"commandrewards":[]},{"uuid":"c719e773-d334-449d-84d7-bab22f20d892","name":"Would smash","description":"Check out the animations!","x":249,"y":20,"icon":{"id":"contenttweaker:normalsmashedmachine"},"prerequisites":["e27c5f44-59d2-408a-a489-badb85aca6b2"],"tasks":[{"type":"DETECT","items":[{"item":{"id":"contenttweaker:normalsmashedmachine"}}]}],"commandrewards":[]},{"uuid":"f3d9369e-0218-4fa5-b534-ae343272491e","name":"Really?","description":"So much space going to waste","x":284,"y":100,"icon":{"id":"contenttweaker:smallsmashedmachine"},"prerequisites":["b99d9fed-4066-4e24-af83-69a040a12f82"],"tasks":[{"type":"DETECT","items":[{"item":{"id":"contenttweaker:smallsmashedmachine"}}]}],"commandrewards":[]},{"uuid":"b0bdec60-f36e-456c-bda1-6ef0302069b8","name":"Dry again dust?","description":"This time it\u0027s harder and more useful","x":13,"y":194,"icon":{"id":"minecraft:brick"},"prerequisites":["d7bef725-cbdd-4e59-b869-0cd66bca7510"],"tasks":[{"type":"DETECT","items":[{"item":{"id":"minecraft:brick"}}]}],"commandrewards":[]},{"uuid":"46a51003-c3d7-428b-ab58-a90dfec89efe","name":"Big BOOM","description":"Don\u0027t sit on this while lit","x":151,"y":144,"icon":{"id":"minecraft:tnt"},"prerequisites":["9fe1e2b5-b6d0-49fa-893d-bedf50c2aeb4"],"tasks":[{"type":"DETECT","items":[{"item":{"id":"minecraft:tnt"}}]}],"commandrewards":[]},{"uuid":"ee42801a-e0f6-4a89-a355-a19a9d318a43","name":"Silicon Bits","description":"Or is it silly-cone? ;(","x":99,"y":70,"icon":{"id":"refinedstorage:silicon"},"prerequisites":["51c18a0f-56b6-4abf-a0b2-be63d289f819"],"tasks":[{"type":"DETECT","items":[{"item":{"id":"refinedstorage:silicon"},"precision":"ORE_DICTIONARY"}]}],"commandrewards":[]},{"uuid":"e4764c1b-0d56-4eca-a9f1-8a10a987210d","name":"Prestoff","description":"Presstoff (also Pre�stoff or Pressstoff) is the German-language term for a type of ersatz or artificial leather used during the first half of the 20th century. Made of specially layered and treated paper pulp, Presstoff was durable and easily adapted to be used in place of leather. In minecraft this is made by throwing paper into sewage water - it\u0027s true!","x":197,"y":111,"icon":{"id":"contenttweaker:prestoff"},"prerequisites":["6d98f441-5f00-4d38-9603-e67740db6f0d"],"tasks":[{"type":"DETECT","items":[{"item":{"id":"contenttweaker:prestoff"}}]}],"commandrewards":[]},{"uuid":"fdca359d-d9a2-40c3-926b-21e6c8d99279","name":"Detonation Nano-Diamonds","description":"Diamond nanocrystals (5 nm in diameter) can be formed by detonating certain carbon-containing explosives","x":110,"y":20,"icon":{"id":"thermalfoundation:material","damage":16},"prerequisites":["581159a1-19df-43d8-8904-7760cbfe00fd"],"tasks":[{"type":"DETECT","items":[{"item":{"id":"thermalfoundation:material","damage":16}}]}],"commandrewards":[]},{"uuid":"18e9257e-ceea-448c-89f3-0a0413f814e1","name":"Baby\u0027s first fission reactor","description":"The amount required is a hint to building a small staple one. Keep coolant and reactor next to each other completely encased. Try a redstone cooler!","x":270,"y":59,"bigicon":true,"icon":{"id":"nuclearcraft:fission_controller_new_fixed"},"prerequisites":["b7789556-3f4c-474b-83e6-8b4fe2c32421"],"tasks":[{"type":"DETECT","items":[{"item":{"id":"nuclearcraft:fission_controller_new_fixed"}},{"item":{"id":"nuclearcraft:fission_block"},"required":8},{"item":{"id":"nuclearcraft:reactor_casing_transparent"},"required":2},{"item":{"id":"nuclearcraft:cell_block"}},{"item":{"id":"nuclearcraft:cooler"}}]}],"rewardchoice":[{"id":"nuclearcraft:reactor_trapdoor"},{"id":"nuclearcraft:reactor_door_item"},{"id":"nuclearcraft:fission_port"}],"commandrewards":[]},{"uuid":"76dad4de-5b0c-4af5-ba98-e9f37a87a732","name":"Bricks from the nether regions","description":"Looks like it too","x":192,"y":196,"icon":{"id":"minecraft:netherbrick"},"prerequisites":["007d9db7-e8f2-4b53-8184-61002712f014"],"tasks":[{"type":"DETECT","items":[{"item":{"id":"minecraft:netherbrick"}}]}],"commandrewards":[]},{"uuid":"fcbe6433-39b4-4e7f-8436-900480580b80","name":"Metal Press","description":"Press metal","x":248,"y":130,"icon":{"id":"immersiveengineering:metal_decoration0","damage":5},"prerequisites":["1fc41b85-5d08-45fa-8cc3-7a3dc14b64bb","de349bd4-997a-4200-94bd-52cc964667bc","e4df2861-f5c2-442a-b455-e7ae573cc4d4"],"tasks":[{"type":"DETECT","items":[{"item":{"id":"immersiveengineering:metal_decoration0","damage":5}},{"item":{"id":"minecraft:piston"}},{"item":{"id":"immersiveengineering:conveyor","nbt":"{conveyorType:\"immersiveengineering:conveyor\"}"},"required":2},{"item":{"id":"immersiveengineering:metal_decoration0","damage":3}},{"item":{"id":"immersiveengineering:metal_decoration1","damage":1},"required":2}]}],"reward":[{"id":"minecraft:sticky_piston"}],"commandrewards":[]},{"uuid":"e27c5f44-59d2-408a-a489-badb85aca6b2","name":"Compacted Squared","description":"Melting a compact machine is no easy feat and requires quite a substantial amount of energy","x":278,"y":17,"bigicon":true,"icon":{"id":"forge:bucketfilled","nbt":"{FluidName:\"compactfluid\",Amount:1000}"},"prerequisites":["b7789556-3f4c-474b-83e6-8b4fe2c32421","18e9257e-ceea-448c-89f3-0a0413f814e1"],"tasks":[{"type":"DETECT","items":[{"item":{"id":"nuclearcraft:melter_idle"}},{"item":{"id":"nuclearcraft:ingot_former_idle"}}]}],"commandrewards":[]},{"uuid":"e81b36eb-fd7e-4d16-bec1-af5a2b0da822","name":"Very log-y","description":"This shouldn\u0027t be that hard","x":185,"y":60,"icon":{"id":"minecraft:log"},"prerequisites":["6bd1dc64-e977-44fb-84ef-9e1cfaea0513"],"tasks":[{"type":"DETECT","items":[{"item":{"id":"minecraft:log"},"precision":"ORE_DICTIONARY"}]}],"commandrewards":[]},{"uuid":"b99d9fed-4066-4e24-af83-69a040a12f82","name":"Crusher","description":"The metal press is too weak to do anything to a block this compact. More power!","x":282,"y":133,"bigicon":true,"icon":{"id":"immersivepetroleum:schematic","nbt":"{multiblock:\"IE:Crusher\"}"},"prerequisites":["f6cec82b-659f-497a-8bcb-9d0f0b39d8c1"],"tasks":[{"type":"DETECT","items":[{"item":{"id":"immersiveengineering:metal_decoration1"},"required":8},{"item":{"id":"minecraft:hopper"},"required":9},{"item":{"id":"immersiveengineering:metal_decoration0","damage":3}},{"item":{"id":"immersiveengineering:metal_decoration1","damage":1},"required":10},{"item":{"id":"immersiveengineering:metal_decoration0","damage":4},"required":10}]}],"commandrewards":[]},{"uuid":"020ab15f-81e4-45a0-a704-c29b1b86813b","name":"A tunnel to other rooms","description":"Linking your rooms together. This makes it possible to pipe items between your rooms - time to make the factory of your dreams!","x":244,"y":90,"bigicon":true,"icon":{"id":"compactmachines3:tunneltool"},"prerequisites":["fcbe6433-39b4-4e7f-8436-900480580b80"],"tasks":[{"type":"DETECT","items":[{"item":{"id":"compactmachines3:tunneltool"},"required":2},{"item":{"id":"compactmachines3:redstonetunneltool"},"required":2}]}],"rewardchoice":[{"id":"compactmachines3:tunneltool","amount":2},{"id":"compactmachines3:redstonetunneltool","amount":2},{"id":"minecraft:carrot"}],"commandrewards":[]},{"uuid":"6bd1dc64-e977-44fb-84ef-9e1cfaea0513","name":"Soggy Sapling","description":"You can create a sapling by throwing it into water, now it also has space to grow as well","x":215,"y":61,"icon":{"id":"minecraft:sapling"},"prerequisites":["b7789556-3f4c-474b-83e6-8b4fe2c32421"],"tasks":[{"type":"DETECT","items":[{"item":{"id":"minecraft:sapling"}}]}],"commandrewards":[]},{"uuid":"50b13e3e-ff68-4aa2-8028-c37b561114b3","name":"What\u0027s Poopin\u0027 Good Lookin\u0027","description":"Get a bucket of pungent stuff. Niter can be filtered from this by throwing in some dust","x":68,"y":141,"icon":{"id":"forge:bucketfilled","nbt":"{FluidName:\"sewagefluid\",Amount:1000}"},"prerequisites":["cfe6d09a-5557-447e-93e6-be019a2220f2"],"tasks":[{"type":"DETECT","items":[{"item":{"id":"forge:bucketfilled","nbt":"{FluidName:\"sewagefluid\",Amount:1000}"}}]}],"commandrewards":[]},{"uuid":"88eba138-bb13-4749-8c7f-a020c184526a","name":"Smelling fine","description":"Sulfur smells like eggs - everyone likes that. You\u0027ll also get some bonemeal along the way, useful but not as cool","x":142,"y":118,"icon":{"id":"thermalfoundation:material","damage":771},"prerequisites":["5ea69e53-e816-4862-ba9c-9e4865165c86"],"tasks":[{"type":"DETECT","items":[{"item":{"id":"thermalfoundation:material","damage":771},"precision":"ORE_DICTIONARY"}]}],"commandrewards":[]},{"uuid":"0f8eaba4-579b-4ea5-ba11-c407f34fd6f5","name":"Fibrous diet","description":"Important for making things go smooth","x":28,"y":69,"icon":{"id":"immersiveengineering:material","damage":4},"prerequisites":["4e5fdbd1-2377-4c14-8327-ed00fc913c15"],"tasks":[{"type":"DETECT","items":[{"item":{"id":"immersiveengineering:material","damage":4}}]}],"commandrewards":[]},{"uuid":"f6cec82b-659f-497a-8bcb-9d0f0b39d8c1","name":"Finally More Room","description":"What a relief with room for fission","x":283,"y":180,"bigicon":true,"icon":{"id":"compactmachines3:machine","damage":1},"prerequisites":["812334b3-63fd-4ac3-97d9-57b585b36b0a"],"tasks":[{"type":"DETECT","items":[{"item":{"id":"compactmachines3:machine","damage":1}}]}],"commandrewards":[]},{"uuid":"7ee3bea5-cc49-4dc9-aa23-86a08e96f46f","name":"Part of the process","description":"Hope it\u0027s worth it","x":76,"y":20,"icon":{"id":"refinedstorage:processor","damage":5},"prerequisites":["fdca359d-d9a2-40c3-926b-21e6c8d99279"],"tasks":[{"type":"DETECT","items":[{"item":{"id":"refinedstorage:processor","damage":5}}]}],"commandrewards":[]},{"uuid":"1fc41b85-5d08-45fa-8cc3-7a3dc14b64bb","name":"Power!","description":"Your machines are gonna need some power. Unfortunately you\u0027re low on space so this seems to be the only option","x":222,"y":130,"icon":{"id":"immersiveengineering:metal_device1","damage":3},"prerequisites":["cf01c803-020f-42de-9471-5693e0497494"],"tasks":[{"type":"DETECT","items":[{"item":{"id":"immersiveengineering:metal_device1","damage":3}},{"item":{"id":"minecraft:lava_bucket"}},{"item":{"id":"immersiveengineering:connector"}},{"item":{"id":"immersiveengineering:wirecoil"}}]}],"commandrewards":[]},{"uuid":"6012eb0f-d377-41f7-bb9e-46669c9b62c0","name":"Room to breathe","description":"Praise the creator! (of the pack)","x":16,"y":119,"bigicon":true,"icon":{"id":"compactmachines3:machine"},"prerequisites":["2a0d6791-9c1d-42fe-87f5-a1a5077baa01"],"commandrewards":[]},{"uuid":"6d98f441-5f00-4d38-9603-e67740db6f0d","name":"Sugary Goodness","description":"Who doesn\u0027t like this stuff? There are a few ways to get it, using your newly acquired sieve or just rumaging through another type of coarser dirt","x":183,"y":88,"icon":{"id":"exnihilocreatio:item_seed_sugarcane"},"tasks":[{"type":"DETECT","items":[{"item":{"id":"exnihilocreatio:item_seed_sugarcane"}}]}],"commandrewards":[]},{"uuid":"bc669f80-f863-47ce-b806-3c8c9ce8746d","name":"Refined nuclear fuel","description":"There\u0027s a lot of fuels, but this one is easy to make and control","x":303,"y":62,"icon":{"id":"nuclearcraft:fuel_uranium","damage":4},"prerequisites":["18e9257e-ceea-448c-89f3-0a0413f814e1"],"tasks":[{"type":"DETECT","items":[{"item":{"id":"nuclearcraft:fuel_uranium","damage":4}}]}],"commandrewards":[]},{"uuid":"5ea69e53-e816-4862-ba9c-9e4865165c86","name":"Mesh mash","description":"Bish bosh","x":99,"y":98,"icon":{"id":"exnihilocreatio:item_mesh","damage":1},"prerequisites":["3e65cc3a-e1f5-490f-bdda-674a373422d1","35ac769f-b868-4d5e-8d8f-be776d50d6e1"],"tasks":[{"type":"DETECT","items":[{"item":{"id":"exnihilocreatio:item_mesh","damage":1}}]}],"commandrewards":[]},{"uuid":"99719e3a-b444-4651-b843-f2cbf3a2d0b1","name":"Block of the machine","description":"of goodness","x":94,"y":43,"icon":{"id":"refinedstorage:machine_casing"},"prerequisites":["a54098ba-5153-4a6d-857e-fc4e53ef0e97"],"tasks":[{"type":"DETECT","items":[{"item":{"id":"refinedstorage:machine_casing"}}]}],"commandrewards":[]},{"uuid":"e4df2861-f5c2-442a-b455-e7ae573cc4d4","name":"Pressing matters","description":"Trust me, you\u0027ll need this","x":222,"y":157,"icon":{"id":"immersiveengineering:mold"},"prerequisites":["50441e56-2a57-422e-ab6e-3b5b10073b88"],"tasks":[{"type":"DETECT","items":[{"item":{"id":"immersiveengineering:mold"}}]}],"commandrewards":[]},{"uuid":"35ac769f-b868-4d5e-8d8f-be776d50d6e1","name":"String theory","description":"Sometimes confusing, often a mess","x":54,"y":69,"icon":{"id":"minecraft:string"},"prerequisites":["0f8eaba4-579b-4ea5-ba11-c407f34fd6f5"],"tasks":[{"type":"DETECT","items":[{"item":{"id":"minecraft:string"}}]}],"commandrewards":[]},{"uuid":"4e5fdbd1-2377-4c14-8327-ed00fc913c15","name":"Legal in some states","description":"Has many uses","x":15,"y":90,"icon":{"id":"immersiveengineering:seed"},"prerequisites":["6012eb0f-d377-41f7-bb9e-46669c9b62c0"],"tasks":[{"type":"DETECT","items":[{"item":{"id":"immersiveengineering:seed"}}]}],"commandrewards":[]},{"uuid":"3e65cc3a-e1f5-490f-bdda-674a373422d1","name":"What did you sieve kid?","description":"Sieving things can separate smaller things, usually requires a mesh filter of sorts","x":40,"y":91,"icon":{"id":"exnihilocreatio:block_sieve"},"prerequisites":["cfe6d09a-5557-447e-93e6-be019a2220f2"],"tasks":[{"type":"DETECT","items":[{"item":{"id":"exnihilocreatio:block_sieve"}}]}],"commandrewards":[]},{"uuid":"581159a1-19df-43d8-8904-7760cbfe00fd","name":"Hopping about","description":"This is very pure and 100% sustainable","x":142,"y":20,"icon":{"id":"immersiveengineering:material","damage":19},"prerequisites":["3f1d527c-ab76-4ea4-a63e-8afb1c42474f"],"tasks":[{"type":"DETECT","items":[{"item":{"id":"immersiveengineering:material","damage":19}}]}],"commandrewards":[]},{"uuid":"746b72c7-1ea4-4ad5-bee0-d56f56a9122b","name":"Brain goes oof","description":"Useful for automating lava production - but requires netherrack to make which requires lava? Arghghg!","x":61,"y":171,"icon":{"id":"thermalexpansion:machine","damage":6,"nbt":"{RSControl:0b,Facing:3b,Energy:0,SideCache:[B;1B,1B,2B,2B,2B,2B],Level:0b}"},"prerequisites":["007d9db7-e8f2-4b53-8184-61002712f014"],"tasks":[{"type":"DETECT","items":[{"item":{"id":"thermalexpansion:machine","damage":6,"nbt":"{RSControl:0b,Facing:3b,Energy:0,SideCache:[B;1B,1B,2B,2B,2B,2B],Level:0b}"}}]}],"commandrewards":[]},{"uuid":"3d2ec3de-e0ae-4687-87f1-512be3e7be34","name":"Coke\u0027s good kids","description":"Completely organic","x":155,"y":49,"icon":{"id":"thermalfoundation:material","damage":802},"prerequisites":["e81b36eb-fd7e-4d16-bec1-af5a2b0da822"],"tasks":[{"type":"DETECT","items":[{"item":{"id":"thermalfoundation:material","damage":802},"precision":"ORE_DICTIONARY"}]}],"commandrewards":[]},{"uuid":"808165a7-1c53-48f6-8cac-9b5260329b1e","name":"Infinite Storage","description":"Having a lot of storage, and ability to automate crafting and various recipes is VERY helpful","x":40,"y":17,"bigicon":true,"icon":{"id":"refinedstorage:controller","damage":1,"nbt":"{Energy:32000}"},"prerequisites":["7ee3bea5-cc49-4dc9-aa23-86a08e96f46f","99719e3a-b444-4651-b843-f2cbf3a2d0b1","ee42801a-e0f6-4a89-a355-a19a9d318a43"],"tasks":[{"type":"DETECT","items":[{"item":{"id":"refinedstorage:controller","nbt":"{Energy:0}"}},{"item":{"id":"refinedstorage:grid"}},{"item":{"id":"refinedstorage:disk_drive"}}]}],"commandrewards":[]},{"uuid":"50441e56-2a57-422e-ab6e-3b5b10073b88","name":"Treated wood","description":"Treat it however you want, but do make an engineers workbench with it!","x":196,"y":169,"icon":{"id":"immersiveengineering:treated_wood"},"tasks":[{"type":"DETECT","items":[{"item":{"id":"immersiveengineering:treated_wood"},"required":3}]}],"commandrewards":[]},{"uuid":"3dd7c210-7beb-4e2a-aec7-02e3141ef069","name":"Carbon based material","description":"Sawdust, can be used as a less efficient substitute when making gunpowder","x":114,"y":121,"icon":{"id":"thermalfoundation:material","damage":800},"prerequisites":["4a2fe1a3-8a27-4a7d-899b-a723aa6d00f2"],"tasks":[{"type":"DETECT","items":[{"item":{"id":"thermalfoundation:material","damage":800},"precision":"ORE_DICTIONARY"}]}],"commandrewards":[]},{"uuid":"75b50cac-02b4-42f5-af47-9a2597eb9308","name":"Do a barrel roll!","description":"This is a fancy device that can create both netherrack and clay hint-hint. If placed next to a squeezer this can hold whatever liquid it might produce. Try lava and redstone!","x":74,"y":195,"icon":{"id":"exnihilocreatio:block_barrel1"},"tasks":[{"type":"DETECT","items":[{"item":{"id":"exnihilocreatio:block_barrel1"}}]}],"commandrewards":[]},{"uuid":"b7789556-3f4c-474b-83e6-8b4fe2c32421","name":"Close to a mansion","description":"Feels so spatious - now what\u0027s next","x":244,"y":61,"icon":{"id":"compactmachines3:machine","damage":2},"prerequisites":["f3d9369e-0218-4fa5-b534-ae343272491e"],"tasks":[{"type":"DETECT","items":[{"item":{"id":"compactmachines3:machine","damage":2}}]}],"commandrewards":[]},{"uuid":"cfe6d09a-5557-447e-93e6-be019a2220f2","name":"Dusty","description":"Dust can be created by hammering things a whole bunch","x":40,"y":150,"icon":{"id":"exnihilocreatio:block_dust"},"prerequisites":["6012eb0f-d377-41f7-bb9e-46669c9b62c0"],"tasks":[{"type":"DETECT","items":[{"item":{"id":"exnihilocreatio:block_dust"},"required":10}]}],"commandrewards":[]},{"uuid":"c2fe0138-1a50-44da-af54-8f3d8af395be","name":"There must be a better way","description":"A blast furnace can also be used to create steel. This way most of it doesn\u0027t explode. This however needs sufficient space - and 3x3x3 is not enough!","x":227,"y":182,"bigicon":true,"icon":{"id":"immersiveengineering:stone_decoration","damage":1},"prerequisites":["f6cec82b-659f-497a-8bcb-9d0f0b39d8c1","76dad4de-5b0c-4af5-ba98-e9f37a87a732"],"tasks":[{"type":"DETECT","items":[{"item":{"id":"immersiveengineering:stone_decoration","damage":1},"required":27}]}],"commandrewards":[]},{"uuid":"007d9db7-e8f2-4b53-8184-61002712f014","name":"Netheryahaha","description":"The process was initially described by an early venturer into the machines. First you need a place high enough to jump on the squeezer, with a barrel next to it. Perhaps check out where you first spawned in?","x":110,"y":187,"bigicon":true,"icon":{"id":"minecraft:netherrack"},"prerequisites":["75b50cac-02b4-42f5-af47-9a2597eb9308","36e00433-084f-4670-96ee-37ffcc307738","f69fe73b-238c-4735-9821-a7075f499087"],"tasks":[{"type":"DETECT","items":[{"item":{"id":"minecraft:netherrack"}}]}],"commandrewards":[]},{"uuid":"9fe1e2b5-b6d0-49fa-893d-bedf50c2aeb4","name":"Gunpowder","x":125,"y":144,"icon":{"id":"minecraft:gunpowder"},"prerequisites":["88eba138-bb13-4749-8c7f-a020c184526a","272510a7-299d-4d23-b4db-50b1a6d6c2ec","3dd7c210-7beb-4e2a-aec7-02e3141ef069"],"tasks":[{"type":"DETECT","items":[{"item":{"id":"minecraft:gunpowder"}}]}],"commandrewards":[]},{"uuid":"cf01c803-020f-42de-9471-5693e0497494","name":"Hard as Steel","description":"Slightly hazzardous. Obtained by exploding iron ingots! Not always successful","x":177,"y":140,"bigicon":true,"icon":{"id":"immersiveengineering:metal","damage":17},"prerequisites":["46a51003-c3d7-428b-ab58-a90dfec89efe"],"tasks":[{"type":"DETECT","items":[{"item":{"id":"thermalfoundation:material","damage":96},"precision":"ORE_DICTIONARY"}]}],"commandrewards":[]},{"uuid":"272510a7-299d-4d23-b4db-50b1a6d6c2ec","name":"Niter","description":"Nite-R very creative description. Useful in gunpowder","x":99,"y":142,"icon":{"id":"thermalfoundation:material","damage":772},"prerequisites":["50b13e3e-ff68-4aa2-8028-c37b561114b3"],"tasks":[{"type":"DETECT","items":[{"item":{"id":"thermalfoundation:material","damage":772},"required":8,"precision":"ORE_DICTIONARY"}]}],"commandrewards":[]},{"uuid":"4a2fe1a3-8a27-4a7d-899b-a723aa6d00f2","name":"Sawmill","description":"Very handy machine! Yields twice the planks for your bonsai wood, and is a great way of making sawdust. Also used to make pulped biomass, which is a handy way to get more poop for when nature\u0027s call is not frequent enough","x":84,"y":120,"icon":{"id":"thermalexpansion:machine","damage":2,"nbt":"{RSControl:0b,Facing:3b,Energy:0,SideCache:[B;3B,1B,2B,2B,2B,2B],Level:0b}"},"tasks":[{"type":"DETECT","items":[{"item":{"id":"thermalexpansion:machine","damage":2,"nbt":"{RSControl:0b,Facing:3b,Energy:0,SideCache:[B;3B,1B,2B,2B,2B,2B],Level:0b}"}}]}],"commandrewards":[]},{"uuid":"f69fe73b-238c-4735-9821-a7075f499087","name":"Blaze it","description":"Metal stick into fire makes it glow","x":168,"y":177,"icon":{"id":"minecraft:blaze_rod"},"prerequisites":["cf01c803-020f-42de-9471-5693e0497494"],"tasks":[{"type":"DETECT","items":[{"item":{"id":"minecraft:blaze_rod"}}]}],"commandrewards":[]},{"uuid":"36e00433-084f-4670-96ee-37ffcc307738","name":"Give it a squeeze!","description":"This item can squeeze things when jumped on. It can even squeeze lava from blaze powder!","x":88,"y":165,"icon":{"id":"integrateddynamics:squeezer"},"tasks":[{"type":"DETECT","items":[{"item":{"id":"integrateddynamics:squeezer"}}]}],"commandrewards":[]},{"uuid":"395d342b-52da-467f-af53-476a634392d1","name":"Now we\u0027re talking","description":"Finally getting room to work in","x":213,"y":17,"bigicon":true,"icon":{"id":"compactmachines3:machine","damage":3},"prerequisites":["c719e773-d334-449d-84d7-bab22f20d892"],"tasks":[{"type":"DETECT","items":[{"item":{"id":"compactmachines3:machine","damage":3}}]}],"commandrewards":[]},{"uuid":"918758a5-a9df-43ba-85e7-da684d00b031","name":"Time to automate!","description":"Not quite REFINED yet ;)","x":14,"y":165,"icon":{"id":"craftingautomat:autocrafter"},"tasks":[{"type":"DETECT","items":[{"item":{"id":"craftingautomat:autocrafter"}}]}],"commandrewards":[]},{"uuid":"d7bef725-cbdd-4e59-b869-0cd66bca7510","name":"Wet dust","description":"yay","x":41,"y":195,"icon":{"id":"minecraft:clay_ball"},"prerequisites":["75b50cac-02b4-42f5-af47-9a2597eb9308","cfe6d09a-5557-447e-93e6-be019a2220f2"],"tasks":[{"type":"DETECT","items":[{"item":{"id":"minecraft:clay_ball"}}]}],"commandrewards":[]},{"uuid":"812334b3-63fd-4ac3-97d9-57b585b36b0a","name":"Why would you do that?","description":"4 times?","x":249,"y":160,"icon":{"id":"contenttweaker:tinysmashedmachine"},"prerequisites":["fcbe6433-39b4-4e7f-8436-900480580b80"],"tasks":[{"type":"DETECT","items":[{"item":{"id":"contenttweaker:tinysmashedmachine"},"required":4}]}],"commandrewards":[]},{"uuid":"3f1d527c-ab76-4ea4-a63e-8afb1c42474f","name":"HOP dust","description":"Squeeze some coal coke dust into some better dust (use a squeezer!)","x":177,"y":20,"icon":{"id":"thermalfoundation:material","damage":768},"prerequisites":["3d2ec3de-e0ae-4687-87f1-512be3e7be34"],"tasks":[{"type":"DETECT","items":[{"item":{"id":"immersiveengineering:material","damage":18}}]}],"commandrewards":[]}],"reputationBar":[]}