{"name":"Overworld","quests":[{"uuid":"5a94c250-a643-4254-8c33-e15a3a6b39e4","name":"Punch a tree under an open sky","description":"What\u0027d you expect?","x":238,"y":88,"bigicon":true,"icon":{"id":"minecraft:log"},"prerequisites":["21ab9a0c-5c27-471d-932d-9a8121ce9073","020ab15f-81e4-45a0-a704-c29b1b86813b"],"tasks":[{"type":"BLOCK_BREAK","blocks":[{"item":{"id":"minecraft:log"},"precision":"ORE_DICTIONARY"}]}],"commandrewards":[]},{"uuid":"21ab9a0c-5c27-471d-932d-9a8121ce9073","name":"Bedrock","description":"Diggin\u0027 to freedom","x":66,"y":90,"icon":{"id":"bedrockminer:bedrock_pickaxe"},"prerequisites":["ec302ec1-e29c-4299-ad79-6ed75989814d"],"tasks":[{"type":"DETECT","items":[{"item":{"id":"bedrockminer:bedrock_pickaxe"}}]}],"commandrewards":[]}],"reputationBar":[]}