{"name":"Unlimited Dimensions","quests":[{"uuid":"04a4d93a-7cf9-41b5-a9f3-2bd7c8f31b85","name":"Glowing Stone","description":"This seems stable. Somehow","x":67,"y":134,"icon":{"id":"minecraft:glowstone_dust"},"prerequisites":["e9a554f1-fd4d-4dac-b6d8-9ffd300e85b0","e7bb52b8-eac8-47f9-a68a-1eab71192601","af18df98-98f9-4302-9228-fe670495ec7a"],"tasks":[{"type":"DETECT","items":[{"item":{"id":"minecraft:glowstone_dust"}}]}],"commandrewards":[]},{"uuid":"05ec5284-067d-4f69-a540-cc42dac5b6fa","name":"Director Logic","description":"Important for getting the logic in place","x":57,"y":100,"icon":{"id":"integrateddynamics:logic_director"},"prerequisites":["e9a554f1-fd4d-4dac-b6d8-9ffd300e85b0"],"tasks":[{"type":"DETECT","items":[{"item":{"id":"integrateddynamics:logic_director"}}]}],"commandrewards":[]},{"uuid":"bfba816a-f7ec-404a-8a25-ee9ff57df273","name":"Cocoa loco","description":"The central ingredient of any cow","x":219,"y":13,"icon":{"id":"minecraft:dye","damage":3},"prerequisites":["4dd377c3-f782-46ae-b6a0-f60706c95848"],"commandrewards":[]},{"uuid":"041f078b-d08a-4459-9c38-202c1b9cc6cc","name":"Giant potential","description":"Is this more spatious than the overworld?","x":60,"y":44,"icon":{"id":"compactmachines3:machine","damage":4},"prerequisites":["15255af5-0fad-44cf-be2f-50f0119288eb"],"tasks":[{"type":"DETECT","items":[{"item":{"id":"compactmachines3:machine","damage":4}}]}],"commandrewards":[]},{"uuid":"e7bb52b8-eac8-47f9-a68a-1eab71192601","name":"Neutron Irradiator","description":"A lot of work for glowing stone","x":63,"y":181,"icon":{"id":"nuclearcraft:irradiator_idle"},"prerequisites":["53e77b2b-264a-4110-ba2c-0b4fa93235d0"],"tasks":[{"type":"DETECT","items":[{"item":{"id":"nuclearcraft:irradiator_idle"}}]}],"commandrewards":[]},{"uuid":"1908e284-e946-4d22-b0d1-76173b35dac8","name":"Chunks of concentrated hardness","description":"Would Notch approve?","x":261,"y":100,"icon":{"id":"bedrockminer:bedrock_chunk"},"tasks":[{"type":"DETECT","items":[{"item":{"id":"bedrockminer:bedrock_chunk"}}]}],"commandrewards":[]},{"uuid":"15255af5-0fad-44cf-be2f-50f0119288eb","name":"Ender Pearl","description":"How 2 automate though?","x":74,"y":69,"icon":{"id":"minecraft:ender_pearl"},"prerequisites":["1f7dbcf3-c1b7-467b-abee-51f7c342673d"],"tasks":[{"type":"DETECT","items":[{"item":{"id":"minecraft:ender_pearl"}}]}],"rewardchoice":[{"id":"thermaldynamics:servo","damage":2}],"commandrewards":[]},{"uuid":"fedff6f3-1983-4ac7-a80f-8c43bcb118c0","name":"Fermented slime milk","description":"Ewww gross","x":264,"y":40,"icon":{"id":"minecraft:slime"},"prerequisites":["e211fdc9-7060-4151-b485-c8919d855656"],"tasks":[{"type":"DETECT","items":[{"item":{"id":"minecraft:slime"}}]}],"commandrewards":[]},{"uuid":"53e77b2b-264a-4110-ba2c-0b4fa93235d0","name":"Power of the Sun","description":"The smallest possible fusion reactor is just able to fit within a 9x9x9. ","x":22,"y":150,"bigicon":true,"icon":{"id":"nuclearcraft:fusion_core"},"prerequisites":["f0e0dd62-9b16-4cba-8494-cf9b0afae9ea"],"tasks":[{"type":"DETECT","items":[{"item":{"id":"nuclearcraft:fusion_core"}}]}],"commandrewards":[]},{"uuid":"208f1026-649b-4b6a-9aae-32057b1f8db4","name":"Mooo haha","description":"Cow\u0027s are cool and milk is nice","x":235,"y":40,"icon":{"id":"minecraft:spawn_egg","nbt":"{EntityTag:{id:\"minecraft:cow\"}}"},"prerequisites":["bfba816a-f7ec-404a-8a25-ee9ff57df273","d1affb0b-924f-4052-b9d7-6d2abe5259f3"],"tasks":[{"type":"DETECT","items":[{"item":{"id":"minecraft:spawn_egg","nbt":"{EntityTag:{id:\"minecraft:cow\"}}"}}]}],"commandrewards":[]},{"uuid":"4dd377c3-f782-46ae-b6a0-f60706c95848","name":"Welcome to the Jungle","description":"Cocoa crazy. This is a rare drop from dirt. Unless you feel lucky I\u0027d recommend finding a way to automate this...","x":188,"y":12,"icon":{"id":"minecraft:sapling","damage":3},"tasks":[{"type":"DETECT","items":[{"item":{"id":"minecraft:sapling","damage":3}}]}],"commandrewards":[]},{"uuid":"af18df98-98f9-4302-9228-fe670495ec7a","name":"Melter","description":"Hot stuff ya\u0027ll","x":97,"y":160,"icon":{"id":"nuclearcraft:melter_idle"},"tasks":[{"type":"DETECT","items":[{"item":{"id":"nuclearcraft:melter_idle"}}]}],"commandrewards":[]},{"uuid":"ec302ec1-e29c-4299-ad79-6ed75989814d","name":"Bedrock Breaker","description":"Also what?","x":290,"y":97,"bigicon":true,"icon":{"id":"bedrockminer:bedrock_pickaxe"},"prerequisites":["1908e284-e946-4d22-b0d1-76173b35dac8"],"tasks":[{"type":"DETECT","items":[{"item":{"id":"bedrockminer:bedrock_pickaxe"}}]}],"commandrewards":[]},{"uuid":"f295285d-3966-4963-a44f-9b2f806f1de3","name":"Maximum overdrive","description":"Where\u0027s the cows?","x":118,"y":42,"bigicon":true,"icon":{"id":"compactmachines3:machine","damage":5},"prerequisites":["041f078b-d08a-4459-9c38-202c1b9cc6cc"],"tasks":[{"type":"DETECT","items":[{"item":{"id":"compactmachines3:machine","damage":5}}]}],"commandrewards":[]},{"uuid":"9d528761-84a4-4b88-b101-30267b5d6784","name":"Who\u0027s the chicken?","description":"If you make a large puppet and really squeeze it, it might come alive? Who\u0027d have thought","x":174,"y":40,"icon":{"id":"minecraft:spawn_egg","nbt":"{EntityTag:{id:\"minecraft:chicken\"}}"},"prerequisites":["f295285d-3966-4963-a44f-9b2f806f1de3"],"tasks":[{"type":"DETECT","items":[{"item":{"id":"minecraft:spawn_egg","nbt":"{EntityTag:{id:\"minecraft:chicken\"}}"}}]}],"commandrewards":[]},{"uuid":"1f7dbcf3-c1b7-467b-abee-51f7c342673d","name":"Minaturazition","description":"Makes big things small. Really do try to automate this process","x":43,"y":70,"icon":{"id":"compactmachines3:fieldprojector"},"prerequisites":["f0e0dd62-9b16-4cba-8494-cf9b0afae9ea"],"tasks":[{"type":"DETECT","items":[{"item":{"id":"compactmachines3:fieldprojector"}}]}],"commandrewards":[]},{"uuid":"d1affb0b-924f-4052-b9d7-6d2abe5259f3","name":"What came first - the egg or the .. cow?","description":"Clearly the egg","x":204,"y":40,"icon":{"id":"minecraft:egg"},"prerequisites":["9d528761-84a4-4b88-b101-30267b5d6784"],"tasks":[{"type":"DETECT","items":[{"item":{"id":"minecraft:egg"}}]}],"commandrewards":[]},{"uuid":"a6fcb7e8-2579-44a5-a4ae-5692e01796c5","name":"DIAMONDS!","description":"Finally!","x":194,"y":100,"icon":{"id":"minecraft:diamond"},"tasks":[{"type":"DETECT","items":[{"item":{"id":"minecraft:diamond"}}]}],"commandrewards":[]},{"uuid":"6055e48d-d411-4bdb-b43e-a90bba0661ca","name":"Ender Integrated Sapling","description":"That\u0027s a funny looking plant","x":114,"y":84,"icon":{"id":"integrateddynamics:menril_sapling"},"prerequisites":["fdca359d-d9a2-40c3-926b-21e6c8d99279","15255af5-0fad-44cf-be2f-50f0119288eb"],"tasks":[{"type":"DETECT","items":[{"item":{"id":"integrateddynamics:menril_sapling"}}]}],"commandrewards":[]},{"uuid":"dafea672-8b72-412d-bd83-b98de7d1f727","name":"The hardest pick on the block","description":"You know this one","x":228,"y":100,"icon":{"id":"minecraft:diamond_pickaxe"},"prerequisites":["a6fcb7e8-2579-44a5-a4ae-5692e01796c5","1908e284-e946-4d22-b0d1-76173b35dac8"],"tasks":[{"type":"DETECT","items":[{"item":{"id":"minecraft:diamond_pickaxe"}}]}],"commandrewards":[]},{"uuid":"e9a554f1-fd4d-4dac-b6d8-9ffd300e85b0","name":"The End is nigh","description":"Get it? Eh?","x":90,"y":108,"icon":{"id":"minecraft:end_stone"},"prerequisites":["15255af5-0fad-44cf-be2f-50f0119288eb"],"tasks":[{"type":"DETECT","items":[{"item":{"id":"minecraft:end_stone"}}]}],"commandrewards":[]},{"uuid":"e211fdc9-7060-4151-b485-c8919d855656","name":"Milk drinkers","description":"Not appreciated in Skyrim","x":249,"y":15,"icon":{"id":"minecraft:milk_bucket"},"prerequisites":["208f1026-649b-4b6a-9aae-32057b1f8db4"],"tasks":[{"type":"DETECT","items":[{"item":{"id":"minecraft:milk_bucket"}}]}],"commandrewards":[]},{"uuid":"f0e0dd62-9b16-4cba-8494-cf9b0afae9ea","name":"Now we\u0027re talking!","description":"Finally some space","x":22,"y":98,"bigicon":true,"icon":{"id":"compactmachines3:machine","damage":3},"prerequisites":["395d342b-52da-467f-af53-476a634392d1"],"tasks":[{"type":"DETECT","items":[{"item":{"id":"compactmachines3:machine","damage":3}}]}],"commandrewards":[]},{"uuid":"e6ed0432-f997-437f-9870-279aa477495e","name":"High Impact Compactor","description":"Squeezes pretty hard","x":157,"y":97,"bigicon":true,"icon":{"id":"modularmachinery:blockcontroller"},"prerequisites":["a6fcb7e8-2579-44a5-a4ae-5692e01796c5","f295285d-3966-4963-a44f-9b2f806f1de3"],"commandrewards":[]},{"uuid":"3b774f4d-4e16-48a0-9e32-d9d46aeda1b8","name":"A bit of help","description":"Read this. Will help","x":120,"y":121,"bigicon":true,"icon":{"id":"integrateddynamics:on_the_dynamics_of_integration"},"prerequisites":["6055e48d-d411-4bdb-b43e-a90bba0661ca"],"tasks":[{"type":"DETECT","items":[{"item":{"id":"integrateddynamics:on_the_dynamics_of_integration"}}]}],"commandrewards":[]}],"reputationBar":[]}