{
  "weight": 80,
  "density": 0.2,
  "max_height": 160,
  "min_height": 40,
    "generator": {
    "type": "layered",
    "radius": [
      17,
      24
    ]
  },
  "dimension_filter": [
    "dimension_id:111",
    "dimension_id:0"
  ],
    "filler": {
    "type": "layered",
    "values": [
      {
        "primary": "ore:chalcopyrite"
      },
      {
        "secondary": "ore:zeolite"
      },
      {
        "between": "ore:cassiterite"
      },
      {
        "sporadic": "ore:realgar"
      }
    ]
  }
}
