{
  "weight": 120,
  "density": 0.2,
  "max_height": 40,
  "min_height": 10,
    "generator": {
    "type": "layered",
    "radius": [
      17,
      24
    ]
  },
  "dimension_filter": [
    "dimension_id:111",
    "dimension_id:0"
  ],
    "filler": {
    "type": "layered",
    "values": [
      {
        "primary": "ore:brown_limonite"
      },
      {
        "secondary": "ore:yellow_limonite"
      },
      {
        "between": "ore:banded_iron"
      },
      {
        "sporadic": "ore:malachite"
      }
    ]
  }
}
