{
  "weight": 80,
  "density": 0.15,
  "max_height": 60,
  "min_height": 30,
    "generator": {
    "type": "layered",
    "radius": [
      20,
      32
    ]
  },
  "dimension_filter": [
    "dimension_id:111",
    "dimension_id:0"
  ],
    "filler": {
    "type": "layered",
    "values": [
      {
        "primary": "ore:magnetite"
      },
      {
        "secondary": "ore:magnetite"
      },
      {
        "between": "ore:vanadium_magnetite"
      },
      {
        "sporadic": "ore:gold"
      }
    ]
  }
}
