{
  "weight": 20,
  "density": 0.25,
  "max_height": 50,
  "min_height": 20,
    "generator": {
    "type": "layered",
    "radius": [
      14,
      16
    ]
  },
  "dimension_filter": [
    "dimension_id:111",
    "dimension_id:0"
  ],
    "filler": {
    "type": "layered",
    "values": [
      {
        "primary": "ore:grossular"
      },
      {
        "secondary": "ore:spessartine"
      },
      {
        "between": "ore:pyrolusite"
      },
      {
        "sporadic": "ore:tantalite"
      }
    ]
  }
}
