{
  "weight": 20,
  "density": 0.25,
  "max_height": 40,
  "min_height": 20,
    "generator": {
    "type": "layered",
    "radius": [
      14,
      16
    ]
  },
  "dimension_filter": [
    "dimension_id:111",
    "dimension_id:0"
  ],
    "filler": {
    "type": "layered",
    "values": [
      {
        "primary": "ore:kyanite"
      },
      {
        "secondary": "ore:mica"
      },
      {
        "between": "ore:bauxite"
      },
      {
        "sporadic": "ore:pollucite"
      }
    ]
  }
}
