{
  "weight": 80,
  "density": 0.2,
  "max_height": 60,
  "min_height": 35,
    "generator": {
    "type": "layered",
    "radius": [
      17,
      24
    ]
  },
  "dimension_filter": [
    "dimension_id:111",
    "dimension_id:0"
  ],
    "filler": {
    "type": "layered",
    "values": [
      {
        "primary": "ore:basaltic_mineral_sand"
      },
      {
        "secondary": "ore:granitic_mineral_sand"
      },
      {
        "between": "ore:fullers_earth"
      },
      {
        "sporadic": "ore:gypsum"
      }
    ]
  }
}
