{
  "weight": 40,
  "density": 0.3,
  "max_height": 80,
  "min_height": 50,
    "generator": {
    "type": "layered",
    "radius": [
      20,
      32
    ]
  },
  "dimension_filter": [
    "dimension_id:111",
    "dimension_id:0"
  ],
    "filler": {
    "type": "layered",
    "values": [
      {
        "primary": "ore:oilsands"
      },
      {
        "secondary": "ore:oilsands"
      },
      {
        "between": "ore:oilsands"
      },
      {
        "sporadic": "ore:oilsands"
      }
    ]
  }
}
