{
  "weight": 20,
  "density": 0.18,
  "min_height": 30,
  "max_height": 60,
    "generator": {
    "type": "layered",
    "radius": [
      14,
      16
    ]
  },
  "dimension_filter": [
    "dimension_id:111",
    "dimension_id:0"
  ],
    "filler": {
    "type": "layered",
    "values": [
      {
        "primary": "ore:pitchblende"
      },
      {
        "secondary": "ore:pitchblende"
      },
      {
        "between": "ore:uraninite"
      },
      {
        "sporadic": "ore:uraninite"
      }
    ]
  }
}
