{
  "weight": 60,
  "density": 0.2,
  "max_height": 40,
  "min_height": 5,
    "generator": {
    "type": "layered",
    "radius": [
      17,
      24
    ]
  },
  "dimension_filter": [
    "dimension_id:111",
    "dimension_id:0"
  ],
    "filler": {
    "type": "layered",
    "values": [
      {
        "primary": "ore:redstone"
      },
      {
        "secondary": "ore:redstone"
      },
      {
        "between": "ore:ruby"
      },
      {
        "sporadic": "ore:cinnabar"
      }
    ]
  }
}
