{
  "weight": 50,
  "density": 0.2,
  "max_height": 70,
  "min_height": 50,
    "generator": {
    "type": "layered",
    "radius": [
      17,
      24
    ]
  },
  "dimension_filter": [
    "dimension_id:111",
    "dimension_id:0"
  ],
    "filler": {
    "type": "layered",
    "values": [
      {
        "primary": "ore:rock_salt"
      },
      {
        "secondary": "ore:salt"
      },
      {
        "between": "ore:lepidolite"
      },
      {
        "sporadic": "ore:spodumene"
      }
    ]
  }
}
