{
  "weight": 60,
  "density": 0.25,
  "max_height": 40,
  "min_height": 10,
    "generator": {
    "type": "layered",
    "radius": [
      14,
      16
    ]
  },
  "dimension_filter": [
    "dimension_id:111",
    "dimension_id:0"
  ],
    "filler": {
    "type": "layered",
    "values": [
      {
        "primary": "ore:almandine"
      },
      {
        "secondary": "ore:pyrope"
      },
      {
        "between": "ore:sapphire"
      },
      {
        "sporadic": "ore:green_sapphire"
      }
    ]
  }
}
