{
  "weight": 30,
  "density": 0.15,
  "min_height": 80,
  "max_height": 120,
    "generator": {
    "type": "layered",
    "radius": [
      17,
      24
    ]
  },
  "dimension_filter": [
    "dimension_id:111",
    "dimension_id:0"
  ],
    "filler": {
    "type": "layered",
    "values": [
      {
        "primary": "ore:tetrahedrite"
      },
      {
        "secondary": "ore:tetrahedrite"
      },
      {
        "between": "ore:copper"
      },
      {
        "sporadic": "ore:stibnite"
      }
    ]
  }
}
