{
    "machine": "high_impact_compactor",
    "registryName": "high_impact_darksteel",
    "recipeTime": 10,
    "requirements": [
        {
            "type": "modularmachinery:energy",
            "io-type": "input",
            "energyPerTick": 10000
        },
        {
            "type": "modularaugment:deferred",
            "io-type": "input",
            "item": "enderio:block_painted_pressure_plate:8",
            "amount": 2
        },
        {
            "type": "modularmachinery:item",
            "io-type": "output",
            "item": "enderio:item_dark_steel_upgrade",
            "amount": 1
        }
    ]
}