{
    "machine": "high_impact_compactor",
    "registryName": "high_impact_diamond",
    "recipeTime": 50,
    "requirements": [
        {
            "type": "modularmachinery:energy",
            "io-type": "input",
            "energyPerTick": 10000
        },
        {
            "type": "modularaugment:deferred",
            "io-type": "input",
            "item": "ore:nuggetDiamond",
            "amount": 9
        },
        {
            "type": "modularmachinery:item",
            "io-type": "output",
            "item": "minecraft:diamond",
            "amount": 1
        }
    ]
}