{
    "machine": "pressure_poop_injector",
    "registryName": "poop_injector4",
    "recipeTime": 180,
    "requirements": [
        {
            "type": "modularmachinery:energy",
            "io-type": "input",
            "energyPerTick": 512
        },
        {
            "type": "modularaugment:deferred",
            "io-type": "input",
            "item": "compactmachines3:machine@4",
            "amount": 1
        },
        {
            "type": "modularaugment:deferred",
            "io-type": "input",
            "fluid": "sewagefluid",
            "amount": 64000
        },
        {
            "type": "modularmachinery:item",
            "io-type": "output",
            "item": "contenttweaker:glitched4",
            "amount": 1
        }
    ]
}