{
    "machine": "pressure_poop_injector",
    "registryName": "poop_injector1",
    "recipeTime": 180,
    "requirements": [
        {
            "type": "modularmachinery:energy",
            "io-type": "input",
            "energyPerTick": 16
        },
        {
            "type": "modularaugment:deferred",
            "io-type": "input",
            "item": "compactmachines3:machine@1",
            "amount": 1
        },
        {
            "type": "modularaugment:deferred",
            "io-type": "input",
            "fluid": "sewagefluid",
            "amount": 4000
        },
        {
            "type": "modularmachinery:item",
            "io-type": "output",
            "item": "contenttweaker:glitched1",
            "amount": 1
        }
    ]
}